1.687171e-03,3.331072e-02,-1.327013e-01,2.793928e+00,5.516201e+01,-2.197512e+02
7.397310e-04,7.117389e-03,-1.138580e-01,1.226292e+00,1.179888e+01,-1.887485e+02
2.769396e-02,7.163827e-02,-1.413237e-01,4.580907e+01,1.184981e+02,-2.337661e+02
-6.843031e-03,1.315968e-02,-1.585508e-01,-1.132003e+01,2.176931e+01,-2.622815e+02
2.906078e-02,-3.710580e-02,-1.340667e-01,4.811224e+01,-6.143137e+01,-2.219573e+02
1.966421e-03,7.254853e-03,-1.133142e-01,3.259920e+00,1.202705e+01,-1.878515e+02
1.663516e-02,7.874777e-03,-5.897285e-02,2.764484e+01,1.308656e+01,-9.800297e+01
-5.037925e-03,-4.131017e-03,-1.227445e-01,-8.348173e+00,-6.845367e+00,-2.033957e+02
-3.531177e-02,-6.543165e-02,-1.483036e-01,-5.839598e+01,-1.082060e+02,-2.452536e+02
-2.464366e-02,4.430400e-02,-9.991912e-02,-4.085701e+01,7.345214e+01,-1.656571e+02
-2.951993e-02,5.207432e-02,-1.309889e-01,-4.886802e+01,8.620513e+01,-2.168423e+02
-1.094104e-02,3.407277e-03,-7.918597e-02,-1.816659e+01,5.657473e+00,-1.314811e+02
-5.776895e-03,4.048891e-03,-1.075545e-01,-9.579499e+00,6.714048e+00,-1.783516e+02
-5.503365e-02,-3.064184e-02,-1.142733e-01,-9.116198e+01,-5.075751e+01,-1.892910e+02
8.358645e-03,5.619032e-02,-1.592636e-01,1.382083e+01,9.290946e+01,-2.633388e+02
-5.076710e-03,6.717386e-03,-1.518083e-01,-8.400948e+00,1.111594e+01,-2.512126e+02
1.023530e-02,-4.757011e-03,-1.762414e-01,1.691788e+01,-7.862841e+00,-2.913086e+02
2.176837e-02,4.441610e-03,-6.248677e-02,3.616766e+01,7.379635e+00,-1.038204e+02
3.422316e-02,-1.892728e-02,-1.331050e-01,5.666793e+01,-3.134047e+01,-2.204001e+02
1.990053e-02,-4.494742e-02,-8.676451e-02,3.301243e+01,-7.456200e+01,-1.439312e+02
-3.261415e-02,-3.698801e-02,-1.299281e-01,-5.400307e+01,-6.124538e+01,-2.151372e+02
6.550231e-02,-4.187793e-02,-1.603782e-01,1.082602e+02,-6.921456e+01,-2.650681e+02
1.530380e-02,3.375867e-03,-1.122734e-01,2.537079e+01,5.596544e+00,-1.861279e+02
7.000676e-02,-1.454176e-03,-1.450475e-01,1.157982e+02,-2.405354e+00,-2.399232e+02
-2.574784e-02,-3.594192e-02,-1.022618e-01,-4.268893e+01,-5.959032e+01,-1.695461e+02
1.715068e-03,-3.961741e-02,-1.324633e-01,2.839933e+00,-6.560134e+01,-2.193422e+02
1.239728e-02,-1.178500e-02,-5.892765e-02,2.060261e+01,-1.958508e+01,-9.792977e+01
-5.155558e-02,-1.032211e-02,-1.635855e-01,-8.523508e+01,-1.706518e+01,-2.704503e+02
2.089075e-02,1.101692e-02,-1.740138e-01,3.453184e+01,1.821066e+01,-2.876400e+02
4.695591e-02,1.916875e-02,-1.581834e-01,7.765140e+01,3.169953e+01,-2.615893e+02
5.481492e-04,-1.946192e-02,-1.430779e-01,9.074037e-01,-3.221717e+01,-2.368504e+02
-1.005090e-02,-9.037583e-03,-1.001921e-01,-1.667208e+01,-1.499122e+01,-1.661951e+02
2.398778e-02,-2.212216e-02,-8.423373e-02,3.981021e+01,-3.671401e+01,-1.397946e+02
-1.640375e-03,-2.716852e-02,-9.043694e-02,-2.721847e+00,-4.508027e+01,-1.500605e+02
-4.630878e-02,-5.783868e-03,-8.165536e-02,-7.684080e+01,-9.597252e+00,-1.354919e+02
5.098168e-02,2.609750e-02,-1.613424e-01,8.428872e+01,4.314736e+01,-2.667495e+02
-3.645392e-02,-3.207645e-02,-1.339307e-01,-6.035114e+01,-5.310404e+01,-2.217284e+02
1.026706e-02,3.875779e-02,-1.216941e-01,1.700903e+01,6.420848e+01,-2.016058e+02
-2.130250e-02,4.561959e-03,-6.907889e-02,-3.538346e+01,7.577414e+00,-1.147400e+02
1.887104e-02,7.334555e-03,-7.908349e-02,3.133125e+01,1.217743e+01,-1.313009e+02
-3.630470e-03,8.067573e-03,-8.853596e-02,-6.025526e+00,1.338983e+01,-1.469440e+02
-4.430389e-02,-2.201829e-02,-1.713809e-01,-7.322360e+01,-3.639089e+01,-2.832510e+02
-9.810935e-03,5.274394e-02,-1.217407e-01,-1.624964e+01,8.735865e+01,-2.016365e+02
2.712835e-03,-4.421019e-03,-1.188650e-01,4.496177e+00,-7.327275e+00,-1.970035e+02
8.114211e-03,-1.492840e-02,-8.647600e-02,1.346777e+01,-2.477779e+01,-1.435307e+02
-2.394274e-02,2.918005e-03,-1.478513e-01,-3.962464e+01,4.829226e+00,-2.446902e+02
2.059725e-04,2.654516e-04,-1.587108e-01,3.407370e-01,4.391322e-01,-2.625526e+02
5.986231e-04,-3.371299e-02,-1.079381e-01,9.924160e-01,-5.589045e+01,-1.789431e+02
-2.492896e-02,4.138620e-02,-1.290967e-01,-4.127998e+01,6.853161e+01,-2.137719e+02
1.295499e-02,-2.996291e-02,-6.691268e-02,2.151620e+01,-4.976368e+01,-1.111314e+02
4.749563e-03,1.539935e-04,-8.133996e-02,7.885672e+00,2.556745e-01,-1.350483e+02
-6.656868e-03,-1.794075e-03,-1.189961e-01,-1.103280e+01,-2.973419e+00,-1.972189e+02
-1.288238e-02,2.189740e-02,-6.356712e-02,-2.140163e+01,3.637839e+01,-1.056047e+02
-1.031805e-02,5.848944e-03,-1.010064e-01,-1.711473e+01,9.701747e+00,-1.675411e+02
4.709593e-03,-1.910864e-02,-7.999501e-02,7.818979e+00,-3.172462e+01,-1.328096e+02
5.784155e-03,4.054649e-03,-6.162469e-02,9.612182e+00,6.738066e+00,-1.024087e+02
2.535153e-03,1.874935e-03,-1.191788e-01,4.201644e+00,3.107430e+00,-1.975214e+02
-1.504737e-02,-3.177898e-02,-1.317993e-01,-2.491869e+01,-5.262651e+01,-2.182617e+02
-5.649116e-03,6.525669e-03,-1.067385e-01,-9.367918e+00,1.082150e+01,-1.770042e+02
2.604308e-03,2.105741e-02,-1.454203e-01,4.310641e+00,3.485415e+01,-2.406991e+02
-1.621726e-02,2.490365e-02,-1.214543e-01,-2.687040e+01,4.126287e+01,-2.012378e+02
-5.769142e-02,1.778911e-02,-1.101950e-01,-9.558620e+01,2.947394e+01,-1.825770e+02
4.777134e-04,9.918630e-04,-7.117680e-02,7.935285e-01,1.647581e+00,-1.182316e+02
-1.794663e-02,1.273066e-02,-1.087949e-01,-2.975539e+01,2.110735e+01,-1.803812e+02
3.067187e-02,-3.590294e-02,-1.534067e-01,5.073570e+01,-5.938863e+01,-2.537568e+02
3.595806e-02,1.991171e-02,-1.290914e-01,5.954974e+01,3.297556e+01,-2.137869e+02
4.595137e-03,4.955682e-03,-1.468438e-01,7.605839e+00,8.202611e+00,-2.430548e+02
-4.098827e-02,-4.305973e-02,-1.474537e-01,-6.780534e+01,-7.123208e+01,-2.439271e+02
1.680959e-03,-7.984885e-03,-1.207704e-01,2.785705e+00,-1.323264e+01,-2.001420e+02
6.659324e-02,2.623654e-02,-1.476565e-01,1.101363e+02,4.339172e+01,-2.442040e+02
-1.540932e-02,-1.754961e-03,-7.109476e-02,-2.559447e+01,-2.914944e+00,-1.180865e+02
-5.416828e-02,8.484608e-03,-9.930039e-02,-8.980039e+01,1.406582e+01,-1.646206e+02
-5.131431e-03,-1.551213e-04,-1.669265e-01,-8.485538e+00,-2.565147e-01,-2.760363e+02
1.326433e-02,-1.155673e-02,-6.726535e-02,2.203506e+01,-1.919834e+01,-1.117430e+02
-1.978157e-02,5.581142e-03,-1.155065e-01,-3.278798e+01,9.250750e+00,-1.914521e+02
4.728340e-02,1.372222e-02,-8.817863e-02,7.843243e+01,2.276205e+01,-1.462683e+02
2.683178e-02,2.959596e-02,-1.030852e-01,4.448784e+01,4.907094e+01,-1.709181e+02
2.325951e-02,-2.647722e-02,-1.210761e-01,3.853677e+01,-4.386793e+01,-2.006010e+02
2.379620e-03,-9.630386e-05,-8.197237e-02,3.950772e+00,-1.598888e-01,-1.360949e+02
5.056589e-02,-6.467640e-02,-1.543634e-01,8.358704e+01,-1.069122e+02,-2.551676e+02
-1.379880e-04,1.384657e-03,-6.325119e-02,-2.292968e-01,2.300907e+00,-1.051055e+02
4.125718e-03,3.157034e-02,-1.207557e-01,6.835954e+00,5.230930e+01,-2.000817e+02
-3.037457e-03,1.246648e-02,-6.113770e-02,-5.047579e+00,2.071652e+01,-1.015973e+02
5.031410e-03,-2.982429e-02,-1.187281e-01,8.337531e+00,-4.942173e+01,-1.967439e+02
3.981199e-02,3.418872e-02,-9.551401e-02,6.601427e+01,5.669005e+01,-1.583766e+02
2.228432e-02,1.327092e-02,-1.609539e-01,3.685711e+01,2.194942e+01,-2.662094e+02
1.624293e-02,-6.075796e-02,-1.561516e-01,2.685827e+01,-1.004655e+02,-2.582023e+02
-4.878000e-03,8.546049e-03,-6.467384e-02,-8.105030e+00,1.419967e+01,-1.074587e+02
-3.150426e-02,2.672959e-02,-1.628885e-01,-5.209415e+01,4.419896e+01,-2.693458e+02
-1.673047e-02,3.467164e-02,-1.627964e-01,-2.766580e+01,5.733365e+01,-2.692030e+02
-2.406602e-02,2.779951e-02,-1.456475e-01,-3.982790e+01,4.600662e+01,-2.410383e+02
3.896243e-04,-4.963696e-04,-6.299347e-02,6.474531e-01,-8.248356e-01,-1.046786e+02
-1.239533e-05,1.950477e-03,-9.029533e-02,-2.057134e-02,3.237021e+00,-1.498546e+02
-5.163699e-03,-3.613679e-02,-1.190617e-01,-8.555939e+00,-5.987649e+01,-1.972782e+02
-1.859111e-02,-4.442370e-02,-8.535636e-02,-3.084276e+01,-7.369917e+01,-1.416067e+02
4.791576e-02,-2.393365e-03,-1.005648e-01,7.944243e+01,-3.968105e+00,-1.667324e+02
-7.903824e-03,-4.669057e-02,-1.119660e-01,-1.309798e+01,-7.737425e+01,-1.855468e+02
3.977991e-02,2.926397e-03,-8.821535e-02,6.599879e+01,4.855180e+00,-1.463580e+02
-5.014823e-02,4.388798e-03,-1.266451e-01,-8.304678e+01,7.267964e+00,-2.097275e+02
1.853332e-02,-8.779135e-03,-6.013441e-02,3.079672e+01,-1.458824e+01,-9.992504e+01
-1.677934e-02,1.189114e-02,-9.972290e-02,-2.783203e+01,1.972393e+01,-1.654112e+02
-2.747485e-02,1.487866e-02,-1.415360e-01,-4.548057e+01,2.462943e+01,-2.342921e+02
-4.276515e-02,1.033602e-02,-1.200680e-01,-7.084816e+01,1.712348e+01,-1.989142e+02
1.735677e-02,3.360161e-03,-1.565984e-01,2.871452e+01,5.558951e+00,-2.590718e+02
3.456917e-02,2.496295e-03,-1.204282e-01,5.727694e+01,4.136059e+00,-1.995349e+02
2.761397e-02,-3.270236e-02,-7.703085e-02,4.583301e+01,-5.427858e+01,-1.278540e+02
-1.548823e-02,-1.564185e-02,-8.435318e-02,-2.570813e+01,-2.596312e+01,-1.400136e+02
-6.470674e-02,2.713459e-02,-1.580402e-01,-1.069720e+02,4.485840e+01,-2.612690e+02
2.150665e-02,3.359827e-02,-1.696691e-01,3.555209e+01,5.554044e+01,-2.804756e+02
6.407845e-03,-2.701086e-02,-1.100120e-01,1.062294e+01,-4.477865e+01,-1.823781e+02
1.984733e-02,3.925215e-02,-9.545165e-02,3.291587e+01,6.509784e+01,-1.583021e+02
-3.596991e-02,-2.296979e-02,-1.466564e-01,-5.952112e+01,-3.800920e+01,-2.426793e+02
-3.510625e-04,4.953710e-03,-8.388656e-02,-5.827971e-01,8.223628e+00,-1.392596e+02
-6.464921e-02,9.838844e-03,-1.225700e-01,-1.070475e+02,1.629136e+01,-2.029540e+02
3.582895e-02,2.515622e-03,-1.379277e-01,5.931629e+01,4.164715e+00,-2.283449e+02
5.281540e-02,-6.749905e-03,-1.336715e-01,8.743247e+01,-1.117403e+01,-2.212846e+02
-5.974985e-02,1.245653e-02,-1.119304e-01,-9.898818e+01,2.063686e+01,-1.854363e+02
-3.638538e-03,3.776024e-02,-7.385516e-02,-6.040603e+00,6.268854e+01,-1.226124e+02
-1.609777e-02,-5.717341e-02,-1.211290e-01,-2.666005e+01,-9.468677e+01,-2.006057e+02
1.119663e-02,2.318589e-02,-1.516036e-01,1.852670e+01,3.836493e+01,-2.508535e+02
4.615643e-02,8.941571e-04,-1.199867e-01,7.646396e+01,1.481284e+00,-1.987732e+02
-3.599219e-02,-1.019544e-02,-1.445851e-01,-5.956747e+01,-1.687357e+01,-2.392898e+02
-1.958301e-02,-2.955489e-02,-9.433434e-02,-3.248410e+01,-4.902534e+01,-1.564808e+02
-2.014868e-02,-1.330659e-02,-1.295547e-01,-3.337379e+01,-2.204071e+01,-2.145913e+02
1.523003e-03,8.301419e-04,-6.947433e-02,2.530058e+00,1.379056e+00,-1.154128e+02
8.976936e-03,-2.575196e-02,-6.536482e-02,1.491182e+01,-4.277723e+01,-1.085792e+02
4.946152e-04,-1.153066e-02,-6.743361e-02,8.217111e-01,-1.915605e+01,-1.120284e+02
-1.726810e-02,-2.840063e-02,-1.194432e-01,-2.861294e+01,-4.705936e+01,-1.979153e+02
-1.190153e-02,-2.563584e-03,-1.549216e-01,-1.969157e+01,-4.241554e+00,-2.563242e+02
3.497119e-02,-4.504723e-02,-1.062800e-01,5.795582e+01,-7.465430e+01,-1.761320e+02
-3.563744e-02,-1.322138e-02,-1.365670e-01,-5.900137e+01,-2.188932e+01,-2.261004e+02
1.952357e-02,5.022432e-03,-1.406862e-01,3.232268e+01,8.314998e+00,-2.329161e+02
-4.071210e-03,-2.757434e-02,-8.345471e-02,-6.757340e+00,-4.576753e+01,-1.385170e+02
1.684104e-02,9.064750e-03,-1.647649e-01,2.785050e+01,1.499063e+01,-2.724762e+02
1.298682e-02,1.319422e-02,-1.162024e-01,2.152532e+01,2.186907e+01,-1.926024e+02
1.910369e-02,-1.767871e-02,-1.243956e-01,3.164986e+01,-2.928905e+01,-2.060913e+02
7.006657e-03,2.405979e-02,-1.006796e-01,1.162095e+01,3.990455e+01,-1.669829e+02
-3.374520e-05,-1.989074e-04,-7.481475e-02,-5.604450e-02,-3.303483e-01,-1.242534e+02
4.410267e-02,-4.520717e-02,-1.399365e-01,7.297607e+01,-7.480367e+01,-2.315510e+02
6.386125e-03,-1.511795e-02,-9.686085e-02,1.059450e+01,-2.508049e+01,-1.606909e+02
-2.050817e-04,3.618451e-04,-8.099446e-02,-3.405037e-01,6.007829e-01,-1.344777e+02
-4.199250e-02,-3.210273e-02,-1.372378e-01,-6.950549e+01,-5.313606e+01,-2.271544e+02
1.363640e-02,7.031576e-02,-1.338470e-01,2.256579e+01,1.163599e+02,-2.214926e+02
-4.685879e-02,1.847812e-02,-1.082820e-01,-7.766083e+01,3.062448e+01,-1.794598e+02
-1.075818e-03,-2.128356e-02,-1.269691e-01,-1.782213e+00,-3.525860e+01,-2.103385e+02
4.211863e-02,4.832137e-02,-1.286139e-01,6.972527e+01,7.999358e+01,-2.129138e+02
-1.367728e-02,-1.017511e-02,-1.284992e-01,-2.265701e+01,-1.685551e+01,-2.128646e+02
-2.365318e-02,-1.881540e-02,-1.508887e-01,-3.913793e+01,-3.113306e+01,-2.496693e+02
-9.118827e-03,5.266957e-03,-1.206460e-01,-1.511178e+01,8.728436e+00,-1.999354e+02
-2.158472e-03,-2.675307e-02,-1.025778e-01,-3.579568e+00,-4.436677e+01,-1.701130e+02
-5.413854e-04,-2.866365e-02,-7.881168e-02,-8.987584e-01,-4.758476e+01,-1.308359e+02
-2.436697e-02,8.062650e-03,-1.206235e-01,-4.037689e+01,1.336008e+01,-1.998773e+02
-5.293250e-03,4.517117e-03,-7.591719e-02,-8.790518e+00,7.501592e+00,-1.260759e+02
6.833149e-03,3.478272e-02,-9.602188e-02,1.133392e+01,5.769294e+01,-1.592683e+02
-2.001473e-02,-4.701624e-03,-1.531718e-01,-3.311651e+01,-7.779341e+00,-2.534391e+02
-5.232669e-02,2.886366e-02,-1.086332e-01,-8.670441e+01,4.782658e+01,-1.800033e+02
-1.871335e-02,-3.490180e-02,-1.343770e-01,-3.098425e+01,-5.778796e+01,-2.224921e+02
1.561749e-02,4.991095e-03,-9.136996e-02,2.591580e+01,8.282269e+00,-1.516201e+02
1.532117e-02,6.959319e-02,-1.485778e-01,2.533833e+01,1.150941e+02,-2.457198e+02
-3.426116e-03,-1.159635e-02,-9.486704e-02,-5.684578e+00,-1.924055e+01,-1.574025e+02
-1.018146e-02,1.076116e-02,-6.260536e-02,-1.691785e+01,1.788110e+01,-1.040271e+02
9.863647e-03,-7.430858e-02,-1.334456e-01,1.632160e+01,-1.229601e+02,-2.208155e+02
4.974747e-03,-1.770733e-03,-8.754328e-02,8.257128e+00,-2.939078e+00,-1.453051e+02
-2.371653e-02,-2.254821e-02,-1.296607e-01,-3.927990e+01,-3.734491e+01,-2.147473e+02
1.595752e-02,-1.579586e-02,-1.580734e-01,2.639708e+01,-2.612966e+01,-2.614866e+02
2.221953e-02,-3.686899e-02,-9.550317e-02,3.685063e+01,-6.114646e+01,-1.583901e+02
-2.884219e-02,2.585665e-02,-1.495824e-01,-4.772256e+01,4.278265e+01,-2.475004e+02
-7.634287e-03,-4.419985e-02,-1.065605e-01,-1.265485e+01,-7.326716e+01,-1.766384e+02
-3.563108e-02,-1.868756e-02,-1.146003e-01,-5.904709e+01,-3.096863e+01,-1.899132e+02
2.933592e-02,-6.336739e-02,-1.293488e-01,4.855662e+01,-1.048853e+02,-2.140974e+02
-4.418452e-03,5.493468e-02,-9.743114e-02,-7.325441e+00,9.107732e+01,-1.615331e+02
3.734948e-03,6.087421e-02,-1.434222e-01,6.179492e+00,1.007167e+02,-2.372929e+02
-7.412745e-05,9.518365e-05,-1.287381e-01,-1.228005e-01,1.576824e-01,-2.132692e+02
1.833627e-02,-3.464749e-02,-1.158306e-01,3.038531e+01,-5.741487e+01,-1.919447e+02
1.523116e-02,1.062613e-02,-7.496203e-02,2.529325e+01,1.764602e+01,-1.244839e+02
2.207674e-02,-1.485948e-02,-5.646680e-02,3.668672e+01,-2.469321e+01,-9.383549e+01
-4.079571e-02,3.389899e-02,-1.527798e-01,-6.747812e+01,5.607062e+01,-2.527054e+02
2.901206e-03,4.023552e-03,-8.849693e-02,4.815237e+00,6.678035e+00,-1.468815e+02
1.577003e-02,-5.375372e-02,-1.650517e-01,2.606903e+01,-8.885887e+01,-2.728427e+02
-1.335270e-03,-2.313862e-02,-1.220540e-01,-2.212493e+00,-3.833985e+01,-2.022389e+02
-6.770281e-03,-4.104789e-02,-9.394789e-02,-1.122943e+01,-6.808352e+01,-1.558254e+02
-4.163411e-02,2.124336e-03,-1.272762e-01,-6.895478e+01,3.518344e+00,-2.107960e+02
-1.559619e-02,6.200294e-04,-1.616068e-01,-2.579610e+01,1.025529e+00,-2.672978e+02
2.311837e-02,2.088215e-02,-8.004886e-02,3.837533e+01,3.466332e+01,-1.328771e+02
-2.471536e-02,-1.373734e-02,-5.890554e-02,-4.106589e+01,-2.282534e+01,-9.787473e+01
-3.004049e-02,1.606031e-02,-6.894037e-02,-4.988679e+01,2.667058e+01,-1.144859e+02
2.290110e-02,9.076702e-03,-6.086176e-02,3.805085e+01,1.508120e+01,-1.011236e+02
2.730298e-02,4.751758e-02,-9.770602e-02,4.526597e+01,7.878003e+01,-1.619881e+02
1.598934e-02,-5.930837e-02,-1.144473e-01,2.648672e+01,-9.824569e+01,-1.895846e+02
1.546408e-02,2.137239e-02,-1.022634e-01,2.564583e+01,3.544425e+01,-1.695950e+02
3.013923e-02,-1.053583e-02,-6.761490e-02,5.005576e+01,-1.749809e+01,-1.122960e+02
-3.682233e-02,-1.222146e-02,-1.559375e-01,-6.090891e+01,-2.021589e+01,-2.579410e+02
-1.632794e-03,-1.715039e-02,-9.897686e-02,-2.708501e+00,-2.844930e+01,-1.641842e+02
-4.219983e-02,1.557666e-02,-1.524886e-01,-6.980959e+01,2.576787e+01,-2.522561e+02
-1.585871e-02,5.045067e-02,-1.645056e-01,-2.621748e+01,8.340457e+01,-2.719590e+02
2.106616e-02,4.131490e-02,-1.141209e-01,3.490758e+01,6.846065e+01,-1.891035e+02
5.834959e-02,-3.729386e-02,-1.586492e-01,9.646159e+01,-6.165296e+01,-2.622735e+02
5.438434e-03,-4.749115e-03,-6.112914e-02,9.037858e+00,-7.892314e+00,-1.015874e+02
1.556939e-02,-2.984504e-02,-7.417826e-02,2.584979e+01,-4.955159e+01,-1.231578e+02
-6.544455e-03,1.693543e-02,-1.744004e-01,-1.081794e+01,2.799415e+01,-2.882826e+02
7.308271e-03,1.022615e-02,-7.350965e-02,1.213782e+01,1.698392e+01,-1.220872e+02
-4.569837e-03,-4.130207e-03,-6.791816e-02,-7.592011e+00,-6.861640e+00,-1.128345e+02
3.352346e-02,-1.180868e-02,-1.288789e-01,5.552249e+01,-1.955786e+01,-2.134528e+02
-1.855316e-02,7.054143e-04,-1.005295e-01,-3.077368e+01,1.170054e+00,-1.667458e+02
2.065233e-02,1.274440e-02,-1.529203e-01,3.417103e+01,2.108670e+01,-2.530196e+02
1.375394e-02,-2.691867e-02,-6.484599e-02,2.284624e+01,-4.471378e+01,-1.077137e+02
-2.834383e-02,-2.381446e-02,-8.463600e-02,-4.703501e+01,-3.951877e+01,-1.404487e+02
1.706990e-02,-2.855445e-02,-7.451674e-02,2.834089e+01,-4.740851e+01,-1.237190e+02
-1.978763e-02,-2.700978e-02,-5.917679e-02,-3.287411e+01,-4.487261e+01,-9.831316e+01
4.585686e-02,-6.526332e-02,-1.456785e-01,7.583401e+01,-1.079267e+02,-2.409102e+02
1.687168e-03,3.111212e-03,-8.402791e-02,2.800850e+00,5.164890e+00,-1.394939e+02
-4.462030e-03,6.686615e-03,-1.017759e-01,-7.401112e+00,1.109100e+01,-1.688144e+02
4.308620e-02,-5.372222e-02,-1.610608e-01,7.122178e+01,-8.880320e+01,-2.662345e+02
3.052848e-03,1.085888e-02,-1.684244e-01,5.047885e+00,1.795516e+01,-2.784899e+02
-5.076625e-02,-2.222882e-03,-9.627989e-02,-8.417854e+01,-3.685892e+00,-1.596474e+02
-8.612211e-04,1.355695e-03,-1.193023e-01,-1.427341e+00,2.246857e+00,-1.977252e+02
1.068467e-02,1.103515e-02,-9.734483e-02,1.772548e+01,1.830690e+01,-1.614915e+02
3.853800e-02,-1.828068e-02,-1.655613e-01,6.371613e+01,-3.022404e+01,-2.737278e+02
3.675537e-02,-2.240114e-02,-1.453147e-01,6.082423e+01,-3.707028e+01,-2.404724e+02
1.733971e-02,-1.855396e-02,-1.070247e-01,2.875049e+01,-3.076379e+01,-1.774546e+02
2.910526e-02,-9.454189e-03,-8.662098e-02,4.829971e+01,-1.568907e+01,-1.437461e+02
1.649287e-04,1.206998e-04,-1.121809e-01,2.734355e-01,2.001084e-01,-1.859848e+02
5.191899e-02,-5.375854e-02,-1.333975e-01,8.591214e+01,-8.895610e+01,-2.207375e+02
6.133779e-02,-2.014200e-05,-1.214365e-01,1.015781e+02,-3.335605e-02,-2.011042e+02
2.292404e-02,-1.124368e-02,-1.584255e-01,3.791973e+01,-1.859869e+01,-2.620591e+02
3.995191e-02,-1.211637e-02,-9.310225e-02,6.626790e+01,-2.009733e+01,-1.544279e+02
-1.237555e-04,9.694366e-03,-1.420444e-01,-2.048838e-01,1.604953e+01,-2.351619e+02
-5.633587e-04,-5.448158e-03,-1.573726e-01,-9.320095e-01,-9.013325e+00,-2.603541e+02
-1.328197e-02,6.198253e-02,-1.349873e-01,-2.198203e+01,1.025828e+02,-2.234078e+02
-2.530992e-03,-1.866160e-02,-1.375344e-01,-4.190890e+00,-3.090042e+01,-2.277334e+02
-2.416302e-02,2.352256e-02,-1.186659e-01,-4.003887e+01,3.897761e+01,-1.966331e+02
-4.172932e-02,3.888314e-02,-1.026521e-01,-6.916604e+01,6.444851e+01,-1.701450e+02
-3.065370e-02,3.903602e-02,-1.194593e-01,-5.077984e+01,6.466568e+01,-1.978921e+02
1.130644e-04,2.334102e-02,-1.117920e-01,1.874318e-01,3.869343e+01,-1.853226e+02
-1.351481e-02,-4.809200e-03,-1.132920e-01,-2.240411e+01,-7.972424e+00,-1.878092e+02
-2.054637e-02,2.499913e-02,-1.004963e-01,-3.407442e+01,4.145895e+01,-1.666646e+02
-1.506463e-02,9.816260e-04,-9.886209e-02,-2.498995e+01,1.628370e+00,-1.639973e+02
-7.111246e-03,-2.615258e-03,-1.297043e-01,-1.177992e+01,-4.332228e+00,-2.148578e+02
-3.384414e-02,2.639739e-02,-8.843449e-02,-5.614685e+01,4.379281e+01,-1.467113e+02
-2.032241e-02,-2.969179e-02,-1.269639e-01,-3.366126e+01,-4.918036e+01,-2.102982e+02
1.306465e-03,2.931082e-03,-9.969193e-02,2.167256e+00,4.862284e+00,-1.653760e+02
2.353976e-02,3.321366e-02,-1.386275e-01,3.896745e+01,5.498153e+01,-2.294824e+02
3.974465e-03,-2.739983e-03,-7.074281e-02,6.602061e+00,-4.551438e+00,-1.175122e+02
-9.982214e-03,3.277413e-02,-1.079448e-01,-1.654869e+01,5.433354e+01,-1.789529e+02
-3.180027e-03,-7.655622e-04,-1.427621e-01,-5.264598e+00,-1.267403e+00,-2.363454e+02
1.344287e-02,1.478081e-02,-8.766516e-02,2.231027e+01,2.453077e+01,-1.454923e+02
-4.562780e-02,2.436263e-02,-1.220967e-01,-7.557389e+01,4.035212e+01,-2.022303e+02
-1.299367e-02,-2.766424e-03,-7.070974e-02,-2.158298e+01,-4.595136e+00,-1.174516e+02
-3.814070e-02,2.906291e-02,-1.294216e-01,-6.315684e+01,4.812501e+01,-2.143080e+02
8.694134e-03,-4.514170e-03,-6.533452e-02,1.444528e+01,-7.500282e+00,-1.085531e+02
4.563286e-02,-4.245132e-03,-1.363301e-01,7.554244e+01,-7.027560e+00,-2.256863e+02
-2.806112e-02,-5.490620e-03,-1.630118e-01,-4.640626e+01,-9.080150e+00,-2.695818e+02
-7.590566e-03,-1.210789e-02,-6.323114e-02,-1.261244e+01,-2.011840e+01,-1.050645e+02
1.030557e-03,7.597210e-02,-1.544109e-01,1.703763e+00,1.256005e+02,-2.552790e+02
-6.759636e-03,2.527529e-02,-8.482751e-02,-1.121914e+01,4.195004e+01,-1.407904e+02
-1.212783e-02,-6.262009e-02,-1.385774e-01,-2.006867e+01,-1.036213e+02,-2.293127e+02
-3.788052e-02,3.613859e-03,-1.638571e-01,-6.263718e+01,5.975680e+00,-2.709452e+02
1.477172e-02,-2.342244e-02,-9.580107e-02,2.450439e+01,-3.885482e+01,-1.589217e+02
-1.651779e-02,-1.794086e-03,-1.620912e-01,-2.731969e+01,-2.967338e+00,-2.680915e+02
3.749589e-03,-1.118867e-02,-9.060408e-02,6.222529e+00,-1.856785e+01,-1.503595e+02
-3.464586e-02,1.881154e-02,-7.224039e-02,-5.752011e+01,3.123149e+01,-1.199357e+02
5.322422e-04,-3.444366e-02,-7.280083e-02,8.837176e-01,-5.718914e+01,-1.208761e+02
2.845280e-02,5.758666e-02,-1.283883e-01,4.710248e+01,9.533244e+01,-2.125418e+02
4.143653e-02,1.354749e-02,-9.369041e-02,6.872622e+01,2.246974e+01,-1.553940e+02
-3.742846e-03,-3.589592e-03,-1.326464e-01,-6.199280e+00,-5.945444e+00,-2.197024e+02
-6.820342e-02,2.430265e-02,-1.507618e-01,-1.127826e+02,4.018738e+01,-2.493029e+02
3.855143e-02,-3.560378e-02,-1.233713e-01,6.384882e+01,-5.896692e+01,-2.043273e+02
-3.427554e-03,1.920287e-03,-7.274668e-02,-5.693055e+00,3.189533e+00,-1.208299e+02
-6.340194e-02,-5.505878e-02,-1.506114e-01,-1.048172e+02,-9.102418e+01,-2.489935e+02
9.140133e-03,-1.088649e-02,-1.144068e-01,1.515123e+01,-1.804610e+01,-1.896476e+02
8.056642e-03,-1.854165e-02,-8.943751e-02,1.336998e+01,-3.076983e+01,-1.484213e+02
-2.354504e-02,-3.675368e-02,-1.347473e-01,-3.898139e+01,-6.084974e+01,-2.230889e+02
-1.701387e-02,-4.975068e-03,-1.108816e-01,-2.820717e+01,-8.248130e+00,-1.838298e+02
-3.271200e-02,3.188312e-02,-1.252080e-01,-5.417957e+01,5.280671e+01,-2.073770e+02
-1.949960e-02,6.110076e-03,-1.377306e-01,-3.228737e+01,1.011704e+01,-2.280538e+02
-3.204299e-03,8.599671e-03,-9.388948e-02,-5.316866e+00,1.426936e+01,-1.557900e+02
5.402046e-02,2.746622e-02,-1.341390e-01,8.941348e+01,4.546149e+01,-2.220240e+02
2.698434e-02,5.544147e-02,-1.180007e-01,4.469336e+01,9.182607e+01,-1.954411e+02
1.663083e-02,2.267654e-02,-5.752687e-02,2.763472e+01,3.768061e+01,-9.558987e+01
-1.793446e-02,1.573680e-02,-1.348999e-01,-2.969894e+01,2.605968e+01,-2.233904e+02
1.373789e-02,-3.473537e-02,-1.145999e-01,2.276714e+01,-5.756523e+01,-1.899207e+02
-1.250333e-02,8.131289e-03,-9.745586e-02,-2.074253e+01,1.348948e+01,-1.616754e+02
-1.600681e-02,-6.399615e-02,-1.639108e-01,-2.645747e+01,-1.057785e+02,-2.709263e+02
-1.616715e-02,1.535390e-02,-1.208474e-01,-2.679006e+01,2.544246e+01,-2.002523e+02
-7.688418e-04,-1.218436e-03,-1.675098e-01,-1.271357e+00,-2.014806e+00,-2.769942e+02
9.325374e-03,-1.344766e-02,-1.012361e-01,1.546754e+01,-2.230498e+01,-1.679154e+02
-1.656628e-03,-2.502182e-03,-1.389125e-01,-2.743076e+00,-4.143161e+00,-2.300139e+02
-4.424257e-02,-2.308702e-02,-1.391283e-01,-7.322722e+01,-3.821203e+01,-2.302755e+02
-5.637287e-02,2.032800e-02,-1.578473e-01,-9.321240e+01,3.361230e+01,-2.610002e+02
2.210484e-03,-1.188825e-02,-6.680379e-02,3.672397e+00,-1.975061e+01,-1.109848e+02
-3.599721e-02,3.336718e-02,-1.026034e-01,-5.967546e+01,5.531544e+01,-1.700939e+02
-4.027813e-03,-7.444584e-03,-9.075791e-02,-6.684316e+00,-1.235458e+01,-1.506164e+02
-9.669013e-03,6.856460e-03,-1.391045e-01,-1.600964e+01,1.135270e+01,-2.303247e+02
6.528808e-05,-3.735246e-02,-9.848063e-02,1.082761e-01,-6.194663e+01,-1.633237e+02
4.860460e-03,-4.613940e-02,-1.429322e-01,8.043764e+00,-7.635789e+01,-2.365441e+02
4.747350e-02,2.336160e-02,-9.646228e-02,7.871437e+01,3.873515e+01,-1.599412e+02
2.220069e-02,1.933439e-02,-8.692485e-02,3.684185e+01,3.208524e+01,-1.442510e+02
4.384969e-03,-3.183862e-02,-1.665664e-01,7.250264e+00,-5.264311e+01,-2.754068e+02
-1.717180e-02,3.866630e-03,-1.182099e-01,-2.845935e+01,6.408284e+00,-1.959130e+02
1.094768e-02,-2.939190e-02,-1.692924e-01,1.809913e+01,-4.859183e+01,-2.798808e+02
-3.227949e-02,-5.011578e-02,-1.333628e-01,-5.343109e+01,-8.295488e+01,-2.207507e+02
1.290726e-03,-2.135247e-03,-7.252308e-02,2.143883e+00,-3.546623e+00,-1.204601e+02
5.728529e-02,-4.016409e-04,-1.410549e-01,9.479488e+01,-6.646297e-01,-2.334156e+02
-1.823521e-03,-4.713969e-03,-8.109326e-02,-3.027614e+00,-7.826660e+00,-1.346401e+02
-1.914165e-02,7.323306e-02,-1.524658e-01,-3.164862e+01,1.210828e+02,-2.520854e+02
1.608000e-04,2.243813e-02,-1.408602e-01,2.662096e-01,3.714704e+01,-2.331986e+02
3.094609e-02,-3.192153e-02,-1.445678e-01,5.121155e+01,-5.282576e+01,-2.392400e+02
3.558215e-03,4.205619e-02,-1.592326e-01,5.884634e+00,6.955321e+01,-2.633415e+02
-6.816175e-02,-8.121726e-03,-1.194091e-01,-1.128699e+02,-1.344887e+01,-1.977310e+02
2.384993e-02,-2.580243e-02,-6.528837e-02,3.961155e+01,-4.285440e+01,-1.084353e+02
-2.756860e-02,-5.132397e-02,-1.595389e-01,-4.558247e+01,-8.486007e+01,-2.637847e+02
-4.099731e-03,-5.098106e-02,-1.189605e-01,-6.791427e+00,-8.445289e+01,-1.970646e+02
-3.103529e-02,5.112695e-03,-1.055053e-01,-5.145849e+01,8.477175e+00,-1.749345e+02
-3.435922e-02,-2.269310e-02,-1.019608e-01,-5.697014e+01,-3.762685e+01,-1.690586e+02
-2.455683e-02,4.208682e-03,-6.886257e-02,-4.078737e+01,6.990358e+00,-1.143764e+02
3.118490e-03,-1.994327e-02,-1.059106e-01,5.171208e+00,-3.307076e+01,-1.756253e+02
-5.191854e-03,7.691347e-03,-1.370227e-01,-8.597421e+00,1.273644e+01,-2.269020e+02
4.305342e-04,-6.845606e-04,-1.222239e-01,7.134466e-01,-1.134399e+00,-2.025396e+02
2.642446e-02,-4.418195e-02,-1.411570e-01,4.373091e+01,-7.311849e+01,-2.336064e+02
6.705644e-03,-3.675303e-02,-8.535863e-02,1.112723e+01,-6.098732e+01,-1.416426e+02
-2.681580e-02,9.196280e-03,-7.218509e-02,-4.453033e+01,1.527135e+01,-1.198706e+02
4.172592e-03,2.427630e-02,-1.553084e-01,6.903123e+00,4.016264e+01,-2.569418e+02
7.653588e-03,-4.596305e-02,-1.172141e-01,1.268058e+01,-7.615228e+01,-1.942020e+02
-4.773184e-03,-2.793700e-04,-6.340062e-02,-7.931558e+00,-4.642267e-01,-1.053523e+02
8.406244e-03,1.583293e-02,-1.328638e-01,1.392241e+01,2.622248e+01,-2.200488e+02
-2.368290e-02,-4.828000e-03,-6.722340e-02,-3.933915e+01,-8.019684e+00,-1.116633e+02
-1.403521e-02,-2.247387e-02,-1.612110e-01,-2.321313e+01,-3.717003e+01,-2.666303e+02
-1.671698e-02,-3.220054e-02,-7.756769e-02,-2.774969e+01,-5.345193e+01,-1.287600e+02
-1.113304e-02,1.713589e-02,-6.327565e-02,-1.849714e+01,2.847067e+01,-1.051302e+02
5.036957e-02,5.339063e-02,-1.485494e-01,8.329825e+01,8.829431e+01,-2.456623e+02
1.025548e-03,-1.522630e-03,-1.395086e-01,1.698076e+00,-2.521132e+00,-2.309948e+02
1.943304e-02,2.496995e-02,-6.675691e-02,3.227610e+01,4.147227e+01,-1.108757e+02
1.413296e-02,-1.555448e-02,-9.818158e-02,2.344401e+01,-2.580207e+01,-1.628654e+02
1.658689e-02,1.163390e-03,-7.187870e-02,2.754909e+01,1.932269e+00,-1.193830e+02
-4.456380e-04,4.088677e-03,-1.342330e-01,-7.380570e-01,6.771588e+00,-2.223141e+02
1.128526e-02,-5.618901e-03,-1.541795e-01,1.867255e+01,-9.297008e+00,-2.551047e+02
1.124924e-04,1.440558e-03,-9.919344e-02,1.866150e-01,2.389760e+00,-1.645532e+02
2.029520e-02,1.004891e-02,-1.760619e-01,3.354441e+01,1.660909e+01,-2.909994e+02
-1.050561e-02,-1.904340e-02,-1.372348e-01,-1.739538e+01,-3.153243e+01,-2.272359e+02
-5.830281e-03,-1.743900e-03,-6.038655e-02,-9.689443e+00,-2.898217e+00,-1.003574e+02
-2.993430e-02,-1.440605e-02,-6.851969e-02,-4.971219e+01,-2.392427e+01,-1.137913e+02
-7.494641e-02,4.324521e-02,-1.535689e-01,-1.238805e+02,7.148092e+01,-2.538373e+02
5.285914e-03,-1.133583e-02,-7.379489e-02,8.778908e+00,-1.882667e+01,-1.225594e+02
-9.161280e-04,4.035117e-02,-1.730552e-01,-1.514186e+00,6.669282e+01,-2.860275e+02
-7.678389e-04,1.866568e-03,-6.032991e-02,-1.276104e+00,3.102129e+00,-1.002648e+02
-3.942342e-02,8.053612e-03,-8.296415e-02,-6.542150e+01,1.336463e+01,-1.376755e+02
-8.417638e-03,2.249855e-04,-8.303102e-02,-1.397446e+01,3.735074e-01,-1.378431e+02
-6.727781e-04,-1.076899e-02,-1.111847e-01,-1.115425e+00,-1.785431e+01,-1.843374e+02
5.019744e-02,1.297205e-02,-1.086562e-01,8.319032e+01,2.149809e+01,-1.800718e+02
3.959647e-03,3.499573e-02,-7.309711e-02,6.574284e+00,5.810413e+01,-1.213646e+02
6.025542e-02,4.053697e-02,-1.266466e-01,9.973909e+01,6.709969e+01,-2.096346e+02
4.154508e-02,2.091211e-02,-8.299528e-02,6.893280e+01,3.469799e+01,-1.377082e+02
-6.064594e-03,4.711622e-03,-1.443775e-01,-1.003921e+01,7.799530e+00,-2.389998e+02
3.028505e-03,-5.310263e-03,-1.230352e-01,5.018368e+00,-8.799342e+00,-2.038749e+02
6.332498e-03,-4.825832e-03,-1.530190e-01,1.047844e+01,-7.985350e+00,-2.532020e+02
7.640003e-04,-1.379175e-02,-7.020498e-02,1.269057e+00,-2.290905e+01,-1.166153e+02
3.565057e-02,-1.113030e-02,-1.215705e-01,5.906351e+01,-1.843995e+01,-2.014100e+02
1.165863e-04,1.349553e-04,-6.722021e-02,1.936974e-01,2.242157e-01,-1.116801e+02
4.110492e-02,-3.393612e-03,-1.495170e-01,6.801071e+01,-5.614947e+00,-2.473854e+02
3.170800e-02,-4.703740e-02,-1.494567e-01,5.245119e+01,-7.780901e+01,-2.472304e+02
7.890961e-03,-1.265018e-02,-6.705991e-02,1.310919e+01,-2.101563e+01,-1.114061e+02
1.148194e-02,-2.684658e-02,-7.440428e-02,1.906478e+01,-4.457646e+01,-1.235420e+02
1.700415e-02,-9.938967e-03,-8.655146e-02,2.822223e+01,-1.649596e+01,-1.436517e+02
6.519705e-02,4.361585e-03,-1.188751e-01,1.079712e+02,7.223113e+00,-1.968662e+02
3.398563e-02,2.808435e-02,-1.070640e-01,5.633529e+01,4.655320e+01,-1.774715e+02
-4.395345e-02,5.288711e-03,-9.352934e-02,-7.290028e+01,8.771747e+00,-1.551258e+02
1.516345e-02,4.946934e-03,-7.305615e-02,2.518372e+01,8.215953e+00,-1.213329e+02
1.589658e-02,5.752145e-03,-6.693475e-02,2.640844e+01,9.555838e+00,-1.111964e+02
-1.107868e-02,-5.154998e-03,-8.443015e-02,-1.839055e+01,-8.557273e+00,-1.401537e+02
-3.895302e-04,5.102498e-03,-8.359260e-02,-6.466658e-01,8.470745e+00,-1.387735e+02
-2.775344e-03,-5.893336e-03,-6.488173e-02,-4.611412e+00,-9.792157e+00,-1.078052e+02
-2.427831e-02,1.903363e-02,-1.618588e-01,-4.015178e+01,3.147806e+01,-2.676842e+02
1.924635e-02,-3.991168e-02,-1.357644e-01,3.186268e+01,-6.607452e+01,-2.247606e+02
3.265848e-03,-1.633979e-02,-1.317915e-01,5.409203e+00,-2.706350e+01,-2.182855e+02
-4.801394e-02,-8.362571e-03,-1.249307e-01,-7.952048e+01,-1.385005e+01,-2.069097e+02
-4.102387e-03,4.272442e-03,-1.469970e-01,-6.790206e+00,7.071678e+00,-2.433071e+02
1.821687e-03,-8.853381e-03,-8.503046e-02,3.023963e+00,-1.469643e+01,-1.411488e+02
-4.002936e-04,1.333168e-02,-9.050472e-02,-6.642929e-01,2.212411e+01,-1.501939e+02
-2.461980e-02,-4.580968e-03,-9.480227e-02,-4.084430e+01,-7.599833e+00,-1.572771e+02
-3.574739e-02,-4.671865e-02,-1.547211e-01,-5.911741e+01,-7.726117e+01,-2.558707e+02
1.532395e-02,-2.512673e-02,-7.222829e-02,2.544643e+01,-4.172460e+01,-1.199399e+02
1.665958e-02,4.802778e-02,-1.503187e-01,2.755970e+01,7.945167e+01,-2.486701e+02
4.433150e-03,-1.382991e-02,-8.559777e-02,7.358485e+00,-2.295595e+01,-1.420818e+02
2.987825e-02,7.584866e-03,-5.785634e-02,4.964382e+01,1.260253e+01,-9.613046e+01
-1.650270e-05,-4.573026e-02,-1.515900e-01,-2.730062e-02,-7.565214e+01,-2.507773e+02
7.287713e-03,-1.389957e-02,-1.011137e-01,1.208790e+01,-2.305479e+01,-1.677142e+02
3.795789e-02,7.023136e-03,-1.412356e-01,6.282937e+01,1.162496e+01,-2.337786e+02
-1.713160e-02,4.443757e-02,-1.108184e-01,-2.839126e+01,7.364392e+01,-1.836532e+02
2.425405e-03,-7.188034e-03,-1.506120e-01,4.013798e+00,-1.189546e+01,-2.492474e+02
-4.687745e-02,1.267180e-03,-8.258215e-02,-7.778105e+01,2.102558e+00,-1.370238e+02
1.196106e-03,1.238737e-02,-1.710726e-01,1.977510e+00,2.047991e+01,-2.828325e+02
4.634853e-02,-5.785210e-02,-1.330197e-01,7.669676e+01,-9.573268e+01,-2.201187e+02
7.870392e-03,1.631971e-02,-1.746032e-01,1.300958e+01,2.697611e+01,-2.886152e+02
1.472352e-02,1.272648e-02,-1.505820e-01,2.436474e+01,2.106001e+01,-2.491857e+02
-2.852687e-03,-5.429702e-03,-1.563936e-01,-4.719640e+00,-8.983194e+00,-2.587460e+02
2.783615e-02,-5.837880e-03,-1.236775e-01,4.611768e+01,-9.671939e+00,-2.049034e+02
-8.820696e-03,1.303402e-03,-1.059817e-01,-1.462785e+01,2.161503e+00,-1.757552e+02
-4.411977e-04,3.780141e-02,-1.031026e-01,-7.315436e-01,6.267797e+01,-1.709530e+02
-1.916951e-02,2.710340e-02,-1.425836e-01,-3.173014e+01,4.486263e+01,-2.360101e+02
-2.322261e-02,3.965564e-02,-1.139987e-01,-3.848140e+01,6.571201e+01,-1.889034e+02
-2.140154e-02,3.664923e-03,-5.906049e-02,-3.556385e+01,6.090158e+00,-9.814332e+01
-1.996077e-02,7.327985e-03,-8.836074e-02,-3.312612e+01,1.216124e+01,-1.466400e+02
-1.030592e-02,-1.269621e-02,-7.208419e-02,-1.711695e+01,-2.108693e+01,-1.197235e+02
7.558396e-03,-6.500686e-03,-9.463974e-02,1.254110e+01,-1.078611e+01,-1.570288e+02
7.963162e-04,-1.948121e-04,-1.086429e-01,1.320433e+00,-3.230328e-01,-1.801492e+02
-1.631176e-02,1.289862e-02,-6.656336e-02,-2.709726e+01,2.142732e+01,-1.105758e+02
-3.016882e-02,-1.060860e-02,-5.752102e-02,-5.012600e+01,-1.762636e+01,-9.557214e+01
3.872837e-03,2.447309e-02,-1.199731e-01,6.417669e+00,4.055430e+01,-1.988072e+02
-4.920147e-03,-7.962003e-03,-1.520505e-01,-8.141753e+00,-1.317535e+01,-2.516099e+02
-1.957413e-02,1.543154e-02,-7.066309e-02,-3.250882e+01,2.562878e+01,-1.173576e+02
3.619898e-02,1.609803e-02,-1.076310e-01,6.000727e+01,2.668580e+01,-1.784205e+02
-7.971342e-02,-8.859458e-03,-1.506752e-01,-1.317945e+02,-1.464782e+01,-2.491194e+02
2.694006e-03,-9.955318e-04,-1.047951e-01,4.467937e+00,-1.651063e+00,-1.737999e+02
6.970574e-03,8.883311e-03,-6.111544e-02,1.158372e+01,1.476231e+01,-1.015618e+02
3.522931e-02,5.438831e-02,-1.543882e-01,5.825542e+01,8.993686e+01,-2.552973e+02
-5.742462e-03,-6.928874e-02,-1.473452e-01,-9.497782e+00,-1.146006e+02,-2.437026e+02
-1.120620e-02,-3.942507e-02,-8.126245e-02,-1.859725e+01,-6.542790e+01,-1.348591e+02
2.821713e-02,1.914839e-02,-1.529435e-01,4.668354e+01,3.167985e+01,-2.530358e+02
1.567325e-03,6.493578e-03,-6.432257e-02,2.604278e+00,1.078977e+01,-1.068788e+02
1.543198e-02,-1.866349e-02,-1.412601e-01,2.554732e+01,-3.089702e+01,-2.338532e+02
-2.786596e-02,-5.963302e-03,-6.536206e-02,-4.628782e+01,-9.905571e+00,-1.085722e+02
-2.854230e-02,5.861516e-03,-7.368740e-02,-4.739360e+01,9.732866e+00,-1.223556e+02
-7.096156e-03,-9.006722e-04,-1.405296e-01,-1.174898e+01,-1.491227e+00,-2.326723e+02
5.560107e-03,-5.994177e-03,-1.337887e-01,9.208652e+00,-9.927559e+00,-2.215809e+02
-1.259793e-03,-1.308154e-03,-1.510893e-01,-2.084799e+00,-2.164831e+00,-2.500338e+02
-7.505153e-02,1.430616e-02,-1.516809e-01,-1.240917e+02,2.365410e+01,-2.507922e+02
-7.187259e-03,8.447738e-03,-1.382699e-01,-1.190093e+01,1.398808e+01,-2.289524e+02
9.812281e-03,-4.945482e-02,-9.076298e-02,1.627418e+01,-8.202339e+01,-1.505351e+02
5.350983e-04,-7.167484e-05,-1.150954e-01,8.870187e-01,-1.188135e-01,-1.907907e+02
-1.671041e-02,4.823704e-02,-1.306488e-01,-2.766770e+01,7.986685e+01,-2.163173e+02
4.314086e-02,2.673295e-02,-1.127779e-01,7.148470e+01,4.429668e+01,-1.868738e+02
1.172215e-02,-3.104310e-02,-5.958616e-02,1.947436e+01,-5.157285e+01,-9.899230e+01
3.417010e-02,-2.334975e-02,-1.167068e-01,5.661969e+01,-3.869042e+01,-1.933826e+02
9.491737e-03,1.269486e-03,-6.606422e-02,1.576998e+01,2.109179e+00,-1.097620e+02
3.688604e-03,1.049476e-03,-1.698354e-01,6.098801e+00,1.735221e+00,-2.808088e+02
5.620776e-02,-2.420786e-02,-1.099760e-01,9.312709e+01,-4.010847e+01,-1.822123e+02
1.739700e-02,1.075883e-02,-5.940062e-02,2.890947e+01,1.787849e+01,-9.870899e+01
1.487565e-04,5.520389e-05,-1.059425e-01,2.466959e-01,9.154943e-02,-1.756937e+02
1.773865e-02,7.744322e-03,-7.753328e-02,2.945355e+01,1.285880e+01,-1.287375e+02
9.810385e-04,-5.742361e-03,-7.716890e-02,1.629126e+00,-9.535841e+00,-1.281477e+02
-3.411535e-02,-2.004632e-02,-1.063060e-01,-5.655656e+01,-3.323287e+01,-1.762346e+02
-4.465790e-02,-1.607027e-02,-1.144584e-01,-7.399762e+01,-2.662825e+01,-1.896562e+02
4.169723e-03,1.463314e-02,-9.989599e-02,6.916605e+00,2.427300e+01,-1.657043e+02
-1.607732e-02,1.954523e-03,-8.822780e-02,-2.668277e+01,3.243829e+00,-1.464275e+02
-1.302744e-02,-1.968177e-03,-9.127355e-02,-2.161847e+01,-3.266104e+00,-1.514645e+02
-4.095200e-02,1.622972e-03,-8.843074e-02,-6.794132e+01,2.692587e+00,-1.467108e+02
2.708436e-02,2.780155e-02,-8.094298e-02,4.495050e+01,4.614078e+01,-1.343368e+02
8.648698e-03,9.202965e-03,-9.945264e-02,1.434672e+01,1.526616e+01,-1.649751e+02
-1.865763e-02,-1.305492e-02,-1.045201e-01,-3.094007e+01,-2.164907e+01,-1.733264e+02
-1.849473e-03,-3.294000e-02,-1.099068e-01,-3.065874e+00,-5.460468e+01,-1.821926e+02
-2.971505e-04,1.594591e-04,-8.823802e-02,-4.932006e-01,2.646649e-01,-1.464545e+02
2.083006e-02,3.924678e-02,-1.511815e-01,3.446066e+01,6.492876e+01,-2.501104e+02
-4.579322e-02,1.144453e-02,-9.360213e-02,-7.594685e+01,1.898045e+01,-1.552367e+02
3.425214e-03,-9.021811e-03,-1.288963e-01,5.674116e+00,-1.494528e+01,-2.135261e+02
1.267489e-02,7.129164e-03,-6.593821e-02,2.105785e+01,1.184427e+01,-1.095486e+02
4.097321e-02,-2.585574e-02,-1.204228e-01,6.787336e+01,-4.283081e+01,-1.994840e+02
3.083684e-03,-3.409240e-02,-6.061885e-02,5.122677e+00,-5.663498e+01,-1.007012e+02
1.417726e-02,4.982669e-04,-8.355961e-02,2.353480e+01,8.271424e-01,-1.387122e+02
-3.166591e-02,1.865107e-02,-9.323063e-02,-5.252848e+01,3.093902e+01,-1.546541e+02
1.572091e-02,-2.770049e-03,-1.702143e-01,2.599190e+01,-4.579812e+00,-2.814209e+02
3.014765e-02,-3.896948e-03,-1.370115e-01,4.991578e+01,-6.452218e+00,-2.268514e+02
-8.859960e-03,-1.430291e-03,-7.106352e-02,-1.471695e+01,-2.375803e+00,-1.180410e+02
-2.544560e-02,1.451338e-02,-8.736966e-02,-4.222600e+01,2.408440e+01,-1.449866e+02
-1.437731e-02,-5.715645e-03,-1.460345e-01,-2.379739e+01,-9.460563e+00,-2.417169e+02
1.701431e-02,-2.717380e-03,-1.228727e-01,2.819230e+01,-4.502633e+00,-2.035970e+02
-1.602510e-02,-5.559354e-02,-1.205796e-01,-2.654115e+01,-9.207534e+01,-1.997068e+02
-2.231692e-02,-5.351323e-02,-1.086135e-01,-3.698025e+01,-8.867409e+01,-1.799779e+02
7.235837e-03,3.774080e-04,-9.485656e-02,1.200591e+01,6.262065e-01,-1.573888e+02
-3.699762e-03,-2.376448e-02,-9.272962e-02,-6.138563e+00,-3.942950e+01,-1.538549e+02
2.611746e-02,-1.798839e-02,-1.415597e-01,4.323337e+01,-2.977696e+01,-2.343298e+02
-3.144036e-03,6.574930e-03,-1.415948e-01,-5.205262e+00,1.088545e+01,-2.344241e+02
-1.332024e-02,-5.362892e-03,-1.386177e-01,-2.205548e+01,-8.879806e+00,-2.295214e+02
8.722820e-03,1.817003e-02,-8.052684e-02,1.448140e+01,3.016542e+01,-1.336886e+02
-1.016013e-02,9.498281e-03,-1.318724e-01,-1.682835e+01,1.573212e+01,-2.184219e+02
-1.840983e-02,-2.418035e-02,-7.438997e-02,-3.056734e+01,-4.014860e+01,-1.235157e+02
-1.458667e-02,-7.899267e-05,-7.596840e-02,-2.422285e+01,-1.311765e-01,-1.261543e+02
-6.712444e-02,2.788400e-02,-1.437133e-01,-1.110307e+02,4.612298e+01,-2.377164e+02
-1.071708e-02,-6.152322e-03,-1.233874e-01,-1.775800e+01,-1.019428e+01,-2.044506e+02
2.904624e-02,1.313921e-02,-1.208543e-01,4.812684e+01,2.177042e+01,-2.002440e+02
-1.010054e-02,7.300487e-04,-9.181822e-02,-1.676128e+01,1.211475e+00,-1.523672e+02
-3.140325e-02,-1.903601e-02,-7.214110e-02,-5.213992e+01,-3.160616e+01,-1.197784e+02
7.374920e-03,-3.413066e-02,-1.138731e-01,1.222291e+01,-5.656686e+01,-1.887290e+02
-3.711158e-04,2.600158e-02,-6.161453e-02,-6.165844e-01,4.319990e+01,-1.023685e+02
-1.644332e-02,5.006564e-03,-8.648119e-02,-2.729217e+01,8.309755e+00,-1.435391e+02
1.305027e-02,3.533089e-02,-1.279108e-01,2.161457e+01,5.851697e+01,-2.118529e+02
-3.047958e-02,-1.118878e-02,-8.539635e-02,-5.058158e+01,-1.856804e+01,-1.417172e+02
-4.048069e-02,1.307176e-02,-1.446557e-01,-6.699146e+01,2.163245e+01,-2.393906e+02
-2.384412e-03,-2.916758e-03,-8.392102e-02,-3.958355e+00,-4.842101e+00,-1.393170e+02
3.333405e-02,3.710165e-02,-1.448318e-01,5.515829e+01,6.139258e+01,-2.396552e+02
-4.075314e-02,6.136558e-02,-1.433537e-01,-6.740946e+01,1.015043e+02,-2.371202e+02
2.060136e-04,4.402542e-03,-1.004523e-01,3.417369e-01,7.302970e+00,-1.666311e+02
1.902385e-02,-4.733737e-02,-1.622303e-01,3.145408e+01,-7.826773e+01,-2.682320e+02
-4.260131e-02,-2.122021e-02,-1.364472e-01,-7.052164e+01,-3.512765e+01,-2.258729e+02
7.336156e-02,-2.472495e-02,-1.561976e-01,1.212719e+02,-4.087211e+01,-2.582057e+02
-2.817721e-02,8.544674e-04,-1.058703e-01,-4.672079e+01,1.416797e+00,-1.755441e+02
1.922142e-02,4.774086e-02,-1.221373e-01,3.183677e+01,7.907402e+01,-2.022981e+02
-2.003304e-03,-2.165082e-02,-7.676824e-02,-3.326338e+00,-3.594959e+01,-1.274680e+02
2.144609e-02,-4.484568e-02,-1.236649e-01,3.552030e+01,-7.427608e+01,-2.048211e+02
-2.319611e-02,6.832088e-03,-8.736161e-02,-3.849579e+01,1.133839e+01,-1.449835e+02
-1.313832e-02,1.568228e-02,-1.045356e-01,-2.178783e+01,2.600660e+01,-1.733557e+02
-5.035492e-02,1.822562e-02,-1.371393e-01,-8.334625e+01,3.016660e+01,-2.269897e+02
5.700575e-02,9.627300e-03,-1.661180e-01,9.422768e+01,1.591345e+01,-2.745848e+02
-1.393150e-02,-2.445979e-02,-1.509366e-01,-2.305225e+01,-4.047325e+01,-2.497525e+02
-1.629140e-02,-4.890050e-03,-1.015666e-01,-2.702121e+01,-8.110724e+00,-1.684602e+02
3.499104e-02,9.789820e-03,-8.975532e-02,5.805353e+01,1.624226e+01,-1.489128e+02
9.504204e-03,-2.636982e-02,-1.530018e-01,1.572498e+01,-4.362964e+01,-2.531459e+02
-2.332914e-02,4.108892e-02,-1.714935e-01,-3.855830e+01,6.791160e+01,-2.834438e+02
9.303274e-03,3.829185e-03,-1.462587e-01,1.539900e+01,6.338158e+00,-2.420909e+02
-2.243364e-02,-1.194541e-02,-1.227950e-01,-3.716968e+01,-1.979202e+01,-2.034557e+02
2.275928e-02,-7.874913e-03,-5.549919e-02,3.782437e+01,-1.308757e+01,-9.223588e+01
-1.513163e-02,-2.319123e-02,-9.971002e-02,-2.509700e+01,-3.846447e+01,-1.653769e+02
-1.181016e-02,3.828030e-02,-1.509765e-01,-1.953966e+01,6.333393e+01,-2.497874e+02
-1.391304e-02,-1.908981e-02,-1.575885e-01,-2.301542e+01,-3.157901e+01,-2.606883e+02
3.897485e-02,-8.283915e-03,-1.131741e-01,6.459278e+01,-1.372888e+01,-1.875627e+02
-9.555363e-03,-3.024982e-02,-5.790871e-02,-1.587624e+01,-5.026007e+01,-9.621532e+01
2.647739e-02,8.119640e-03,-6.559872e-02,4.398148e+01,1.348750e+01,-1.089658e+02
-5.978840e-02,-2.402995e-02,-1.537779e-01,-9.886975e+01,-3.973738e+01,-2.542966e+02
-7.888872e-03,-2.067531e-02,-8.470832e-02,-1.309411e+01,-3.431730e+01,-1.406006e+02
1.697666e-03,9.581749e-04,-9.492444e-02,2.816842e+00,1.589846e+00,-1.575028e+02
2.512884e-03,-2.897426e-03,-1.634034e-01,4.156099e+00,-4.792099e+00,-2.702555e+02
-2.464574e-02,2.283431e-02,-1.535492e-01,-4.077396e+01,3.777714e+01,-2.540321e+02
9.684568e-03,-9.512816e-03,-1.158755e-01,1.605267e+01,-1.576799e+01,-1.920697e+02
2.570940e-03,4.084454e-03,-1.518566e-01,4.254417e+00,6.758995e+00,-2.512939e+02
1.132981e-02,-3.020486e-02,-1.056047e-01,1.878526e+01,-5.008082e+01,-1.750967e+02
3.030587e-03,-3.372540e-02,-1.009347e-01,5.025764e+00,-5.592840e+01,-1.673847e+02
-2.550681e-02,-4.404127e-03,-6.602612e-02,-4.236983e+01,-7.315776e+00,-1.096772e+02
-5.283376e-03,2.360763e-02,-7.263965e-02,-8.773985e+00,3.920467e+01,-1.206311e+02
8.868420e-03,-6.076096e-02,-1.293291e-01,1.468159e+01,-1.005892e+02,-2.141032e+02
3.007862e-03,-7.289748e-03,-1.063459e-01,4.988037e+00,-1.208883e+01,-1.763570e+02
5.314831e-04,-6.668121e-04,-1.163456e-01,8.809741e-01,-1.105292e+00,-1.928518e+02
-4.913841e-03,4.205663e-02,-9.076944e-02,-8.151265e+00,6.976512e+01,-1.505718e+02
-2.354694e-02,1.297108e-03,-1.434355e-01,-3.897773e+01,2.147129e+00,-2.374317e+02
-5.603646e-03,-1.895746e-03,-1.305901e-01,-9.282206e+00,-3.140224e+00,-2.163171e+02
2.919806e-02,2.678480e-02,-1.444039e-01,4.832220e+01,4.432831e+01,-2.389856e+02
-4.959880e-03,-5.758063e-02,-1.129702e-01,-8.217312e+00,-9.539707e+01,-1.871640e+02
-4.685467e-02,1.526291e-02,-8.575678e-02,-7.772887e+01,2.532018e+01,-1.422650e+02
1.060375e-02,4.499355e-03,-1.609879e-01,1.753940e+01,7.442270e+00,-2.662861e+02
2.750122e-02,-1.733882e-02,-6.931768e-02,4.567067e+01,-2.879420e+01,-1.151143e+02
1.921081e-02,6.487784e-03,-1.670386e-01,3.176589e+01,1.072782e+01,-2.762053e+02
4.829990e-02,2.120181e-02,-1.362138e-01,7.994915e+01,3.509462e+01,-2.254699e+02
2.414351e-03,-1.766997e-03,-1.291094e-01,3.999568e+00,-2.927174e+00,-2.138802e+02
1.533025e-02,6.076393e-02,-1.482238e-01,2.535794e+01,1.005103e+02,-2.451787e+02
-5.502464e-03,1.803782e-02,-9.884247e-02,-9.127496e+00,2.992117e+01,-1.639600e+02
3.649899e-03,-9.464922e-03,-1.657170e-01,6.035895e+00,-1.565229e+01,-2.740488e+02
-5.099892e-03,-2.078045e-02,-5.748120e-02,-8.475340e+00,-3.453434e+01,-9.552608e+01
-1.770386e-04,-6.517862e-04,-1.488195e-01,-2.930080e-01,-1.078740e+00,-2.463039e+02
2.037092e-02,-3.029792e-02,-7.512520e-02,3.381847e+01,-5.029863e+01,-1.247179e+02
-8.525781e-05,-1.865681e-04,-9.112780e-02,-1.414889e-01,-3.096175e-01,-1.512304e+02
3.171345e-02,-1.943740e-02,-7.135871e-02,5.265616e+01,-3.227333e+01,-1.184821e+02
-2.110784e-02,-1.935585e-02,-8.177252e-02,-3.503672e+01,-3.212862e+01,-1.357335e+02
-5.840381e-03,-9.512245e-03,-9.381349e-02,-9.690831e+00,-1.578349e+01,-1.556629e+02
-2.993779e-03,1.494593e-03,-8.244125e-02,-4.970313e+00,2.481344e+00,-1.368701e+02
5.315078e-03,-2.285519e-02,-1.049727e-01,8.813787e+00,-3.789987e+01,-1.740722e+02
1.920373e-02,-1.338314e-02,-1.408678e-01,3.179215e+01,-2.215605e+01,-2.332094e+02
-1.770267e-02,-1.027747e-02,-1.183548e-01,-2.933835e+01,-1.703269e+01,-1.961475e+02
-2.856253e-03,-1.873220e-03,-8.578235e-02,-4.741247e+00,-3.109457e+00,-1.423947e+02
-2.343400e-02,6.593772e-03,-1.680116e-01,-3.874638e+01,1.090231e+01,-2.777946e+02
-4.075653e-02,1.028854e-02,-1.453980e-01,-6.744614e+01,1.702604e+01,-2.406126e+02
-2.982245e-02,2.859363e-02,-1.058641e-01,-4.943929e+01,4.740217e+01,-1.755002e+02
4.812798e-02,6.613895e-03,-9.110271e-02,7.982494e+01,1.096979e+01,-1.511027e+02
2.739332e-04,2.086911e-02,-1.752079e-01,4.527862e-01,3.449471e+01,-2.896025e+02
-1.347986e-02,2.629796e-02,-1.332878e-01,-2.232275e+01,4.354961e+01,-2.207255e+02
-8.197224e-04,-2.836110e-02,-6.217595e-02,-1.361821e+00,-4.711684e+01,-1.032941e+02
4.011226e-02,1.584567e-02,-1.558301e-01,6.634778e+01,2.620957e+01,-2.577512e+02
-1.330343e-03,1.144106e-03,-1.502237e-01,-2.201641e+00,1.893428e+00,-2.486115e+02
-1.233369e-02,2.923087e-03,-1.000689e-01,-2.045891e+01,4.848766e+00,-1.659926e+02
-1.144092e-03,-1.487112e-02,-1.703963e-01,-1.891557e+00,-2.458681e+01,-2.817206e+02
-7.946862e-03,4.962538e-02,-9.407619e-02,-1.317853e+01,8.229533e+01,-1.560095e+02
3.250180e-02,-2.884557e-03,-1.579058e-01,5.376082e+01,-4.771309e+00,-2.611899e+02
2.964232e-02,-1.592590e-02,-8.078667e-02,4.920101e+01,-2.643418e+01,-1.340916e+02
2.026768e-02,2.716104e-02,-8.348463e-02,3.363668e+01,4.507705e+01,-1.385529e+02
-2.179387e-02,-9.377260e-03,-1.171795e-01,-3.611957e+01,-1.554119e+01,-1.942048e+02
-2.743818e-02,2.503151e-02,-1.536706e-01,-4.539184e+01,4.141041e+01,-2.542221e+02
1.660676e-02,-1.239175e-02,-1.262642e-01,2.751198e+01,-2.052909e+01,-2.091786e+02
4.434821e-03,-2.427939e-03,-1.349550e-01,7.344604e+00,-4.020963e+00,-2.235019e+02
7.134922e-03,1.138659e-02,-6.069658e-02,1.185683e+01,1.892225e+01,-1.008657e+02
-1.010456e-02,1.903776e-02,-1.152553e-01,-1.674838e+01,3.155521e+01,-1.910364e+02
-3.031218e-03,3.265336e-02,-7.959654e-02,-5.031623e+00,5.420245e+01,-1.321251e+02
-2.085493e-02,-3.023823e-02,-1.129808e-01,-3.456467e+01,-5.011642e+01,-1.872528e+02
-4.137157e-02,2.711204e-02,-1.061735e-01,-6.857404e+01,4.493865e+01,-1.759843e+02
3.019602e-03,3.849777e-03,-1.077027e-01,5.007229e+00,6.383860e+00,-1.785970e+02
-3.754046e-02,-6.109723e-03,-1.194676e-01,-6.219982e+01,-1.012304e+01,-1.979427e+02
1.576630e-02,-2.134192e-03,-7.188501e-02,2.618635e+01,-3.544694e+00,-1.193943e+02
-1.438111e-02,5.715157e-02,-1.034795e-01,-2.383473e+01,9.472095e+01,-1.715033e+02
-2.191859e-02,2.624188e-02,-1.013597e-01,-3.634776e+01,4.351710e+01,-1.680855e+02
5.391978e-03,-3.165237e-02,-9.205786e-02,8.945536e+00,-5.251271e+01,-1.527282e+02
5.159639e-03,5.489399e-03,-1.163683e-01,8.552393e+00,9.098988e+00,-1.928871e+02
1.983902e-02,-1.951382e-02,-1.529181e-01,3.282442e+01,-3.228637e+01,-2.530089e+02
-2.867464e-02,4.234701e-03,-6.164967e-02,-4.763823e+01,7.035264e+00,-1.024208e+02
-8.878949e-03,2.270769e-02,-1.437509e-01,-1.469720e+01,3.758773e+01,-2.379489e+02
-2.217374e-02,1.697235e-02,-7.010691e-02,-3.682534e+01,2.818706e+01,-1.164310e+02
1.322563e-02,-1.276983e-03,-9.166560e-02,2.194695e+01,-2.119058e+00,-1.521122e+02
-2.554149e-02,1.839133e-02,-1.517421e-01,-4.226028e+01,3.042982e+01,-2.510685e+02
-5.253667e-02,4.378746e-02,-1.362361e-01,-8.693614e+01,7.245821e+01,-2.254394e+02
1.007399e-02,6.830205e-04,-6.727702e-02,1.673636e+01,1.134732e+00,-1.117703e+02
-1.987857e-02,-2.798678e-02,-1.055126e-01,-3.295860e+01,-4.640198e+01,-1.749395e+02
5.421320e-04,-3.398342e-03,-8.435457e-02,8.999740e-01,-5.641467e+00,-1.400340e+02
3.266222e-02,3.027514e-02,-8.940241e-02,5.418203e+01,5.022220e+01,-1.483060e+02
3.933767e-02,-1.053728e-02,-7.480019e-02,6.530079e+01,-1.749195e+01,-1.241688e+02
-8.967460e-03,4.828295e-02,-1.329800e-01,-1.484653e+01,7.993727e+01,-2.201618e+02
7.308907e-02,1.443651e-03,-1.626467e-01,1.207988e+02,2.386011e+00,-2.688163e+02
-8.041352e-04,4.512530e-03,-1.067137e-01,-1.333513e+00,7.483216e+00,-1.769653e+02
-2.290181e-02,-4.084370e-02,-9.397138e-02,-3.798176e+01,-6.773768e+01,-1.558479e+02
-4.852061e-02,-1.824260e-02,-1.434116e-01,-8.029028e+01,-3.018725e+01,-2.373128e+02
1.629378e-02,-2.506157e-02,-7.422942e-02,2.705432e+01,-4.161243e+01,-1.232511e+02
-6.390283e-03,2.415336e-03,-8.101794e-02,-1.060984e+01,4.010202e+00,-1.345147e+02
-3.004856e-02,-3.864498e-03,-1.557094e-01,-4.970903e+01,-6.393001e+00,-2.575885e+02
-3.897085e-02,2.719813e-02,-1.231680e-01,-6.454966e+01,4.504984e+01,-2.040103e+02
-4.139001e-02,5.320935e-02,-1.296271e-01,-6.851134e+01,8.807544e+01,-2.145669e+02
4.316361e-02,8.471944e-03,-1.341493e-01,7.146364e+01,1.402654e+01,-2.221037e+02
2.831669e-02,-4.615584e-02,-1.655583e-01,4.680982e+01,-7.629942e+01,-2.736816e+02
7.625225e-02,-4.219252e-02,-1.512499e-01,1.260491e+02,-6.974650e+01,-2.500243e+02
5.659802e-03,-1.654044e-02,-8.726542e-02,9.393616e+00,-2.745229e+01,-1.448351e+02
-1.353089e-02,3.034200e-03,-1.676981e-01,-2.237388e+01,5.017175e+00,-2.772959e+02
6.561571e-03,1.861212e-02,-1.141534e-01,1.087656e+01,3.085175e+01,-1.892225e+02
-1.582433e-02,1.995226e-02,-9.364580e-02,-2.625384e+01,3.310240e+01,-1.553659e+02
-4.337794e-03,-2.604035e-02,-1.471816e-01,-7.179034e+00,-4.309669e+01,-2.435850e+02
-3.947881e-02,1.948879e-02,-8.149512e-02,-6.551212e+01,3.234018e+01,-1.352350e+02
-2.667918e-02,4.039334e-02,-1.318556e-01,-4.417275e+01,6.687931e+01,-2.183135e+02
1.121509e-02,-3.797364e-03,-6.272201e-02,1.863579e+01,-6.309972e+00,-1.042234e+02
-1.066559e-02,-3.596175e-03,-6.656357e-02,-1.771965e+01,-5.974629e+00,-1.105877e+02
-2.373149e-02,-7.723974e-03,-1.650355e-01,-3.924350e+01,-1.277273e+01,-2.729104e+02
3.884902e-02,-1.897584e-02,-1.513517e-01,6.427123e+01,-3.139334e+01,-2.503941e+02
2.660469e-02,1.579104e-02,-1.304069e-01,4.406273e+01,2.615315e+01,-2.159801e+02
-2.766582e-02,1.702590e-02,-6.249132e-02,-4.595725e+01,2.828269e+01,-1.038079e+02
9.763086e-03,-5.423682e-03,-9.310807e-02,1.620023e+01,-8.999707e+00,-1.544975e+02
-3.472866e-03,6.691304e-02,-1.184868e-01,-5.751200e+00,1.108106e+02,-1.962187e+02
3.949211e-03,1.335696e-02,-1.023967e-01,6.550122e+00,2.215372e+01,-1.698342e+02
5.166942e-02,-5.086821e-02,-1.358211e-01,8.549493e+01,-8.416919e+01,-2.247368e+02
4.033473e-03,3.672352e-02,-6.637351e-02,6.698487e+00,6.098766e+01,-1.102281e+02
-1.188734e-03,-4.070780e-04,-6.975884e-02,-1.974734e+00,-6.762413e-01,-1.158839e+02
3.385905e-02,-5.398919e-02,-1.194004e-01,5.607394e+01,-8.941146e+01,-1.977390e+02
-2.175175e-02,2.299668e-02,-7.553937e-02,-3.611358e+01,3.818049e+01,-1.254151e+02
5.818315e-03,-1.334192e-02,-7.182917e-02,9.663832e+00,-2.216004e+01,-1.193035e+02
-2.423058e-03,-2.021390e-02,-8.092236e-02,-4.022617e+00,-3.355792e+01,-1.343425e+02
4.934847e-02,-1.299709e-02,-1.221771e-01,8.173723e+01,-2.152743e+01,-2.023652e+02
2.369988e-02,-9.051224e-03,-1.201895e-01,3.927241e+01,-1.499853e+01,-1.991626e+02
1.838312e-02,5.675027e-02,-1.413549e-01,3.041844e+01,9.390433e+01,-2.338990e+02
3.325045e-02,3.851326e-02,-1.701098e-01,5.495705e+01,6.365554e+01,-2.811612e+02
4.515780e-02,3.579797e-02,-1.524121e-01,7.468898e+01,5.920824e+01,-2.520829e+02
1.790687e-02,2.194646e-02,-6.605117e-02,2.974411e+01,3.645404e+01,-1.097139e+02
2.582255e-02,1.365624e-02,-1.343790e-01,4.276034e+01,2.261377e+01,-2.225223e+02
1.850599e-02,-3.116666e-02,-1.127647e-01,3.067208e+01,-5.165604e+01,-1.868977e+02
1.204354e-02,5.746787e-02,-1.513391e-01,1.992005e+01,9.505200e+01,-2.503154e+02
-2.440732e-02,-5.928148e-02,-1.250193e-01,-4.041116e+01,-9.815224e+01,-2.069943e+02
-2.713894e-02,1.006276e-02,-1.046691e-01,-4.500126e+01,1.668587e+01,-1.735602e+02
1.315822e-03,-2.050904e-03,-1.036994e-01,2.182369e+00,-3.401546e+00,-1.719917e+02
-3.255187e-02,-2.475068e-02,-8.776734e-02,-5.400672e+01,-4.106379e+01,-1.456146e+02
2.743855e-02,4.237183e-02,-1.095247e-01,4.547243e+01,7.022055e+01,-1.815094e+02
2.827833e-02,-3.948666e-02,-1.278862e-01,4.682852e+01,-6.538935e+01,-2.117778e+02
-4.331239e-02,-4.203666e-02,-1.366956e-01,-7.168221e+01,-6.957086e+01,-2.262319e+02
3.782225e-02,7.566661e-03,-1.615666e-01,6.254702e+01,1.251306e+01,-2.671842e+02
-5.841935e-02,-5.871686e-02,-1.544403e-01,-9.656721e+01,-9.705899e+01,-2.552898e+02
-3.142903e-02,5.530819e-02,-1.422094e-01,-5.199967e+01,9.150798e+01,-2.352870e+02
1.260407e-03,1.563171e-02,-6.081925e-02,2.094483e+00,2.597602e+01,-1.010665e+02
1.004423e-03,-6.504715e-02,-1.290781e-01,1.662706e+00,-1.076780e+02,-2.136738e+02
3.122983e-03,-1.019086e-02,-7.773587e-02,5.185805e+00,-1.692223e+01,-1.290827e+02
-3.589451e-02,-3.825071e-02,-1.702446e-01,-5.932559e+01,-6.321985e+01,-2.813762e+02
-5.379463e-03,1.566857e-03,-1.311286e-01,-8.910636e+00,2.595369e+00,-2.172038e+02
3.338853e-02,4.480676e-02,-1.392272e-01,5.525662e+01,7.415332e+01,-2.304151e+02
3.090411e-02,-1.174391e-02,-1.279286e-01,5.118799e+01,-1.945201e+01,-2.118945e+02
-1.321747e-02,1.096584e-02,-8.560699e-02,-2.193888e+01,1.820153e+01,-1.420938e+02
-8.004481e-03,1.457134e-02,-8.952149e-02,-1.328382e+01,2.418183e+01,-1.485652e+02
9.167260e-03,1.017598e-02,-1.646294e-01,1.516063e+01,1.682883e+01,-2.722608e+02
-6.180131e-03,-5.466275e-03,-8.561548e-02,-1.025865e+01,-9.073691e+00,-1.421166e+02
-5.160325e-02,-2.223988e-03,-1.018605e-01,-8.554496e+01,-3.686802e+00,-1.688586e+02
2.502248e-04,-2.319964e-03,-8.474824e-02,4.153823e-01,-3.851225e+00,-1.406852e+02
-8.269762e-04,1.341363e-03,-6.060546e-02,-1.374370e+00,2.229240e+00,-1.007215e+02
-3.958691e-02,2.192973e-02,-1.277571e-01,-6.555925e+01,3.631748e+01,-2.115765e+02
8.964570e-03,1.208477e-02,-6.913821e-02,1.489132e+01,2.007438e+01,-1.148476e+02
-5.415849e-04,-5.871016e-04,-8.838925e-02,-8.988982e-01,-9.744447e-01,-1.467045e+02
1.053047e-02,6.322272e-04,-8.082693e-02,1.748365e+01,1.049682e+00,-1.341963e+02
-2.153414e-02,2.595347e-02,-1.232967e-01,-3.567526e+01,4.299670e+01,-2.042637e+02
-3.422932e-02,-4.052731e-03,-1.632738e-01,-5.660332e+01,-6.701800e+00,-2.699977e+02
-6.005737e-03,-1.940985e-02,-6.068416e-02,-9.979485e+00,-3.225255e+01,-1.008364e+02
-4.321372e-03,-3.078923e-03,-1.370255e-01,-7.156021e+00,-5.098575e+00,-2.269088e+02
-6.757681e-03,-9.437386e-03,-7.768797e-02,-1.122128e+01,-1.567099e+01,-1.290026e+02
-7.807865e-03,-2.441846e-02,-1.675808e-01,-1.290987e+01,-4.037455e+01,-2.770854e+02
-2.516105e-02,3.420817e-02,-8.054461e-02,-4.175596e+01,5.677008e+01,-1.336676e+02
8.620118e-05,-1.343361e-03,-1.408372e-01,1.427208e-01,-2.224164e+00,-2.331802e+02
3.661402e-03,-2.101229e-02,-1.569619e-01,6.057085e+00,-3.476079e+01,-2.596632e+02
2.586048e-02,4.150634e-03,-1.117115e-01,4.286898e+01,6.880515e+00,-1.851844e+02
-6.807293e-04,-1.532312e-04,-1.158716e-01,-1.128386e+00,-2.539982e-01,-1.920703e+02
6.650061e-02,-2.998066e-02,-1.407670e-01,1.100117e+02,-4.959689e+01,-2.328704e+02
-4.600830e-02,-1.483037e-02,-8.925042e-02,-7.631549e+01,-2.459962e+01,-1.480426e+02
-1.452126e-02,-1.425852e-02,-6.283755e-02,-2.412705e+01,-2.369050e+01,-1.044045e+02
4.404079e-02,-2.920610e-02,-1.266018e-01,7.292960e+01,-4.836400e+01,-2.096470e+02
1.095747e-02,3.150249e-02,-8.978270e-02,1.818041e+01,5.226827e+01,-1.489656e+02
2.032466e-02,1.991165e-02,-5.297288e-02,3.377879e+01,3.309237e+01,-8.803884e+01
2.055840e-02,2.537238e-02,-9.654839e-02,3.410023e+01,4.208518e+01,-1.601449e+02
-1.391783e-02,1.017035e-02,-7.132918e-02,-2.311648e+01,1.689221e+01,-1.184725e+02
4.063536e-02,-6.457025e-02,-1.470132e-01,6.720058e+01,-1.067828e+02,-2.431226e+02
2.000635e-02,-2.721214e-02,-1.652051e-01,3.308079e+01,-4.499567e+01,-2.731689e+02
1.128830e-03,-1.278703e-02,-1.128613e-01,1.871365e+00,-2.119823e+01,-1.871005e+02
-7.287879e-03,-2.997144e-02,-1.009771e-01,-1.208633e+01,-4.970509e+01,-1.674620e+02
-2.006031e-02,5.045957e-02,-1.618159e-01,-3.316680e+01,8.342755e+01,-2.675390e+02
1.623306e-02,7.076700e-03,-1.248888e-01,2.689519e+01,1.172478e+01,-2.069177e+02
-1.116688e-03,-3.386514e-02,-1.099798e-01,-1.851107e+00,-5.613741e+01,-1.823109e+02
-1.598712e-02,-3.767376e-02,-1.322182e-01,-2.647245e+01,-6.238251e+01,-2.189350e+02
-2.586903e-02,6.651307e-02,-1.353460e-01,-4.280617e+01,1.100609e+02,-2.239606e+02
2.680985e-04,-3.579129e-03,-1.697085e-01,4.432814e-01,-5.917829e+00,-2.806006e+02
-2.068308e-02,-4.131858e-02,-8.710432e-02,-3.431239e+01,-6.854584e+01,-1.445025e+02
3.164291e-02,1.282486e-02,-7.178390e-02,5.254145e+01,2.129503e+01,-1.191935e+02
-1.662509e-03,9.496953e-03,-6.095902e-02,-2.762819e+00,1.578239e+01,-1.013039e+02
2.969621e-02,-4.442491e-02,-1.428056e-01,4.914032e+01,-7.351291e+01,-2.363101e+02
-3.655819e-02,8.868184e-03,-1.122219e-01,-6.059229e+01,1.469831e+01,-1.859988e+02
-1.679644e-03,-1.410633e-02,-1.544566e-01,-2.779077e+00,-2.333982e+01,-2.555582e+02
-1.714698e-02,5.068352e-02,-1.538019e-01,-2.836046e+01,8.382865e+01,-2.543826e+02
1.470948e-02,-1.466951e-02,-1.310008e-01,2.436345e+01,-2.429724e+01,-2.169779e+02
1.355914e-03,-4.004761e-03,-9.528248e-02,2.249747e+00,-6.644742e+00,-1.580937e+02
4.033902e-04,-6.154217e-04,-1.320624e-01,6.681570e-01,-1.019356e+00,-2.187421e+02
2.711498e-03,-1.797377e-02,-1.022049e-01,4.497164e+00,-2.981045e+01,-1.695123e+02
-1.220918e-02,-1.172000e-02,-6.302097e-02,-2.028630e+01,-1.947348e+01,-1.047132e+02
1.707652e-02,-9.202703e-03,-6.991934e-02,2.836394e+01,-1.528560e+01,-1.161353e+02
-1.289810e-02,-1.002750e-02,-1.043197e-01,-2.139040e+01,-1.662975e+01,-1.730053e+02
5.915310e-03,3.441007e-02,-7.970256e-02,9.818600e+00,5.711599e+01,-1.322953e+02
-3.462203e-02,2.580174e-02,-1.351432e-01,-5.731994e+01,4.271714e+01,-2.237419e+02
2.541169e-02,6.096003e-03,-1.068419e-01,4.213441e+01,1.010761e+01,-1.771516e+02
-2.817080e-03,4.575364e-03,-1.456880e-01,-4.663078e+00,7.573543e+00,-2.411556e+02
-2.222065e-02,1.176014e-02,-1.285725e-01,-3.680709e+01,1.947992e+01,-2.129722e+02
-4.802223e-02,2.143996e-02,-9.376707e-02,-7.963360e+01,3.555313e+01,-1.554907e+02
1.934521e-03,-1.585490e-02,-8.731525e-02,3.210775e+00,-2.631478e+01,-1.449194e+02
-1.605409e-03,1.246449e-02,-6.052501e-02,-2.667915e+00,2.071386e+01,-1.005822e+02
8.113116e-03,-3.402210e-02,-1.311492e-01,1.343588e+01,-5.634294e+01,-2.171921e+02
4.867319e-02,2.835310e-02,-1.131646e-01,8.064146e+01,4.697524e+01,-1.874904e+02
3.189718e-03,-3.291593e-03,-7.935585e-02,5.296366e+00,-5.465523e+00,-1.317664e+02
-4.198454e-02,9.904199e-03,-9.682950e-02,-6.962643e+01,1.642495e+01,-1.605803e+02
1.562236e-02,-8.426815e-03,-1.521591e-01,2.585052e+01,-1.394395e+01,-2.517795e+02
7.475159e-02,-3.913575e-03,-1.387141e-01,1.236667e+02,-6.474493e+00,-2.294841e+02
-1.419862e-02,1.706009e-02,-7.586505e-02,-2.357658e+01,2.832801e+01,-1.259727e+02
-3.177438e-02,5.244585e-02,-1.137807e-01,-5.263657e+01,8.688037e+01,-1.884860e+02
-2.495062e-03,-5.502078e-03,-6.154807e-02,-4.146361e+00,-9.143501e+00,-1.022822e+02
1.460094e-02,7.238387e-03,-1.523608e-01,2.416031e+01,1.197743e+01,-2.521129e+02
-2.562774e-02,-1.225748e-02,-6.021553e-02,-4.257938e+01,-2.036527e+01,-1.000455e+02
-3.196645e-02,9.705646e-03,-1.565201e-01,-5.287826e+01,1.605489e+01,-2.589125e+02
-4.580401e-02,-1.923451e-02,-1.625414e-01,-7.573283e+01,-3.180253e+01,-2.687477e+02
-4.862305e-02,5.607047e-02,-1.359589e-01,-8.045072e+01,9.277307e+01,-2.249548e+02
-2.961781e-02,-1.763938e-02,-8.445136e-02,-4.915178e+01,-2.927317e+01,-1.401500e+02
-2.336195e-02,-4.544082e-03,-7.830871e-02,-3.878703e+01,-7.544382e+00,-1.300133e+02
2.675512e-02,1.345661e-02,-7.510310e-02,4.442267e+01,2.234258e+01,-1.246969e+02
1.975604e-02,2.272323e-03,-1.220860e-01,3.273587e+01,3.765251e+00,-2.022971e+02
7.717898e-03,2.662337e-02,-1.611879e-01,1.276469e+01,4.403259e+01,-2.665900e+02
-6.167008e-03,3.990224e-03,-1.257261e-01,-1.021769e+01,6.611125e+00,-2.083069e+02
-3.665328e-05,1.182932e-02,-1.341023e-01,-6.070351e-02,1.959118e+01,-2.220942e+02
-3.002550e-04,-4.249680e-04,-8.366963e-02,-4.984603e-01,-7.054992e-01,-1.389019e+02
1.272696e-02,6.368436e-02,-1.211701e-01,2.107500e+01,1.054570e+02,-2.006496e+02
1.506340e-02,2.862716e-02,-7.927275e-02,2.500481e+01,4.752025e+01,-1.315905e+02
1.943587e-04,-1.181371e-04,-1.288228e-01,3.219758e-01,-1.957066e-01,-2.134086e+02
-7.737785e-03,1.146766e-03,-7.918335e-02,-1.284815e+01,1.904139e+00,-1.314795e+02
8.151207e-03,2.578196e-02,-1.399860e-01,1.349463e+01,4.268299e+01,-2.317519e+02
-6.867421e-02,-4.168334e-03,-1.348095e-01,-1.136459e+02,-6.897989e+00,-2.230903e+02
3.080667e-02,-5.216197e-02,-1.410476e-01,5.097541e+01,-8.631176e+01,-2.333898e+02
2.888651e-02,-1.012202e-02,-1.750808e-01,4.774383e+01,-1.672975e+01,-2.893748e+02
3.904002e-02,3.415581e-02,-9.440589e-02,6.473807e+01,5.663883e+01,-1.565485e+02
8.045847e-03,8.175575e-03,-1.369520e-01,1.332341e+01,1.353824e+01,-2.267839e+02
3.632969e-02,1.597651e-02,-8.756799e-02,6.027643e+01,2.650744e+01,-1.452885e+02
6.395679e-04,-1.745636e-03,-1.220917e-01,1.059846e+00,-2.892744e+00,-2.023216e+02
1.626873e-02,-4.165023e-02,-1.354051e-01,2.693345e+01,-6.895342e+01,-2.241679e+02
5.220029e-02,-8.772565e-04,-1.215642e-01,8.646121e+01,-1.453031e+00,-2.013512e+02
-1.104759e-02,1.305957e-02,-6.796865e-02,-1.835207e+01,2.169434e+01,-1.129084e+02
-9.667814e-04,1.180645e-02,-9.330441e-02,-1.604194e+00,1.959061e+01,-1.548213e+02
2.337017e-03,5.655211e-04,-1.544791e-01,3.866853e+00,9.357172e-01,-2.556027e+02
-1.117123e-03,1.214790e-03,-1.349452e-01,-1.850101e+00,2.011849e+00,-2.234867e+02
-1.336275e-02,2.508233e-02,-1.254183e-01,-2.213705e+01,4.155199e+01,-2.077709e+02
-5.809202e-03,4.572500e-04,-1.420316e-01,-9.617540e+00,7.570094e-01,-2.351432e+02
-9.709993e-03,2.975942e-02,-1.539408e-01,-1.606430e+01,4.923427e+01,-2.546810e+02
-3.600478e-02,6.620438e-02,-1.466546e-01,-5.954487e+01,1.094891e+02,-2.425381e+02
4.080835e-02,-1.662334e-02,-1.349132e-01,6.756180e+01,-2.752139e+01,-2.233606e+02
-3.036885e-03,-1.288584e-02,-1.185826e-01,-5.033168e+00,-2.135629e+01,-1.965323e+02
7.455574e-03,1.694670e-02,-1.175529e-01,1.235665e+01,2.808697e+01,-1.948287e+02
-4.355719e-02,2.211664e-02,-1.542913e-01,-7.204537e+01,3.658182e+01,-2.552041e+02
-1.420967e-02,4.133358e-03,-7.289431e-02,-2.360011e+01,6.864880e+00,-1.210664e+02
-5.873235e-04,8.056443e-05,-7.888080e-02,-9.752487e-01,1.337770e-01,-1.309813e+02
3.082618e-02,-2.126482e-02,-1.168087e-01,5.108161e+01,-3.523763e+01,-1.935619e+02
2.386832e-02,-2.680047e-03,-1.596935e-01,3.947983e+01,-4.432980e+00,-2.641440e+02
-3.633717e-03,4.103676e-03,-1.005969e-01,-6.027580e+00,6.807144e+00,-1.668694e+02
-9.266432e-03,6.684825e-02,-1.184984e-01,-1.534539e+01,1.107020e+02,-1.962356e+02
4.313171e-02,-4.321650e-02,-1.643281e-01,7.129654e+01,-7.143670e+01,-2.716337e+02
1.345324e-02,8.207689e-03,-1.672950e-01,2.224574e+01,1.357190e+01,-2.766323e+02
-3.500102e-02,3.065017e-02,-1.257736e-01,-5.796854e+01,5.076268e+01,-2.083058e+02
4.244493e-02,-7.780328e-03,-1.497952e-01,7.022526e+01,-1.287258e+01,-2.478365e+02
-1.795244e-02,2.354553e-02,-8.255301e-02,-2.979762e+01,3.908107e+01,-1.370222e+02
-3.973323e-02,4.337476e-02,-1.289225e-01,-6.578252e+01,7.181144e+01,-2.134447e+02
1.391784e-02,-3.520884e-03,-7.845274e-02,2.310958e+01,-5.846177e+00,-1.302652e+02
1.956301e-04,7.198238e-03,-6.792212e-02,3.250047e-01,1.195860e+01,-1.128406e+02
-1.092147e-02,1.510469e-02,-6.350166e-02,-1.814589e+01,2.509627e+01,-1.055073e+02
-5.713126e-03,9.207701e-03,-1.091230e-01,-9.472921e+00,1.526727e+01,-1.809366e+02
1.195165e-02,1.343531e-03,-1.413946e-01,1.978702e+01,2.224335e+00,-2.340913e+02
1.593028e-03,4.624130e-03,-1.269818e-01,2.639237e+00,7.660991e+00,-2.103760e+02
3.448071e-02,-3.498151e-02,-1.283295e-01,5.709794e+01,-5.792723e+01,-2.125057e+02
-1.422737e-02,9.087999e-03,-6.211819e-02,-2.364063e+01,1.510089e+01,-1.032174e+02
2.101664e-02,9.447023e-03,-5.640434e-02,3.492752e+01,1.569999e+01,-9.373827e+01
1.721346e-02,-1.522402e-02,-1.004484e-01,2.855046e+01,-2.525076e+01,-1.666051e+02
5.534154e-03,4.474528e-02,-1.395889e-01,9.160228e+00,7.406316e+01,-2.310500e+02
-4.429083e-02,2.011917e-02,-1.334302e-01,-7.332702e+01,3.330890e+01,-2.209044e+02
6.241903e-02,-8.915850e-03,-1.590261e-01,1.031989e+02,-1.474079e+01,-2.629218e+02
3.438022e-03,5.936342e-03,-9.374620e-02,5.704772e+00,9.850279e+00,-1.555548e+02
-2.675074e-02,4.975466e-02,-1.216960e-01,-4.430433e+01,8.240319e+01,-2.015518e+02
-2.286903e-02,1.617213e-02,-1.333694e-01,-3.787172e+01,2.678148e+01,-2.208632e+02
3.234293e-03,2.355671e-03,-1.595641e-01,5.350212e+00,3.896782e+00,-2.639531e+02
-5.092535e-03,-4.053684e-03,-1.445460e-01,-8.430043e+00,-6.710357e+00,-2.392775e+02
-2.139026e-03,3.035474e-03,-7.447328e-02,-3.552566e+00,5.041417e+00,-1.236877e+02
3.339550e-03,-1.932791e-02,-8.021082e-02,5.544350e+00,-3.208836e+01,-1.331667e+02
-4.774920e-03,4.841385e-03,-6.850591e-02,-7.932480e+00,8.042898e+00,-1.138075e+02
4.137356e-02,1.106694e-02,-8.622728e-02,6.864453e+01,1.836161e+01,-1.430631e+02
4.816743e-03,-6.105964e-02,-1.342268e-01,7.972438e+00,-1.010629e+02,-2.221656e+02
6.461635e-03,-4.569409e-03,-1.446520e-01,1.069632e+01,-7.564012e+00,-2.394510e+02
-6.905082e-03,-6.095150e-02,-1.526922e-01,-1.141983e+01,-1.008034e+02,-2.525270e+02
1.146242e-02,1.181317e-02,-8.330755e-02,1.902791e+01,1.961016e+01,-1.382927e+02
6.672435e-03,1.315250e-02,-1.318473e-01,1.105160e+01,2.178458e+01,-2.183796e+02
-4.750168e-03,6.725045e-02,-1.278491e-01,-7.863355e+00,1.113254e+02,-2.116395e+02
-1.600000e-03,2.026323e-03,-9.787838e-02,-2.654421e+00,3.361695e+00,-1.623815e+02
6.901658e-03,-1.611178e-02,-1.380637e-01,1.142778e+01,-2.667791e+01,-2.286061e+02
1.860960e-02,3.936951e-04,-1.112086e-01,3.085204e+01,6.526901e-01,-1.843679e+02
3.748288e-02,-3.355023e-02,-1.487814e-01,6.201213e+01,-5.550591e+01,-2.461458e+02
-9.145750e-03,-2.901087e-02,-1.590910e-01,-1.512735e+01,-4.798487e+01,-2.631413e+02
1.836862e-03,-5.024504e-03,-1.337646e-01,3.042236e+00,-8.321651e+00,-2.215428e+02
-5.735968e-02,-1.295225e-02,-1.071866e-01,-9.505170e+01,-2.146340e+01,-1.776208e+02
6.682891e-03,-4.365626e-03,-9.007110e-02,1.109090e+01,-7.245177e+00,-1.494817e+02
3.049552e-02,2.887345e-02,-9.685870e-02,5.057426e+01,4.788419e+01,-1.606320e+02
3.090335e-02,9.495570e-03,-1.221705e-01,5.120057e+01,1.573223e+01,-2.024116e+02
5.312078e-02,3.749004e-02,-1.432400e-01,8.788264e+01,6.202325e+01,-2.369751e+02
-1.070280e-02,1.710458e-02,-7.837884e-02,-1.777025e+01,2.839937e+01,-1.301353e+02
-4.617933e-02,-6.861434e-02,-1.570292e-01,-7.632645e+01,-1.134077e+02,-2.595422e+02
-1.200495e-02,6.651376e-02,-1.645345e-01,-1.984174e+01,1.099337e+02,-2.719421e+02
-3.276128e-02,-3.921462e-02,-1.559997e-01,-5.418259e+01,-6.485554e+01,-2.580018e+02
-3.281597e-03,-1.493352e-02,-1.279044e-01,-5.436317e+00,-2.473897e+01,-2.118873e+02
-1.867042e-02,-3.602317e-02,-9.767338e-02,-3.096304e+01,-5.974086e+01,-1.619816e+02
4.240714e-04,-6.436907e-04,-1.691768e-01,7.011899e-01,-1.064324e+00,-2.797289e+02
-2.299640e-02,-2.272801e-02,-1.549593e-01,-3.804330e+01,-3.759931e+01,-2.563515e+02
6.080909e-02,5.577813e-02,-1.515411e-01,1.005302e+02,9.221294e+01,-2.505292e+02
6.382945e-02,-2.909736e-02,-1.637581e-01,1.054957e+02,-4.809140e+01,-2.706554e+02
-2.901943e-02,1.762425e-02,-6.253233e-02,-4.820417e+01,2.927564e+01,-1.038724e+02
-2.798547e-02,4.472163e-02,-9.821161e-02,-4.639867e+01,7.414647e+01,-1.628305e+02
2.874897e-02,1.661370e-02,-6.221806e-02,4.775633e+01,2.759784e+01,-1.033535e+02
-1.630452e-02,-3.967954e-02,-9.436741e-02,-2.704210e+01,-6.581110e+01,-1.565145e+02
1.073352e-02,-6.331560e-03,-5.941006e-02,1.783821e+01,-1.052252e+01,-9.873453e+01
-2.882061e-02,-5.024907e-02,-1.337319e-01,-4.770650e+01,-8.317684e+01,-2.213652e+02
-1.728585e-02,-3.436318e-02,-9.992247e-02,-2.866512e+01,-5.698443e+01,-1.657014e+02
2.202510e-02,1.014235e-02,-8.497793e-02,3.655630e+01,1.683384e+01,-1.410427e+02
4.007668e-02,5.313808e-03,-1.572632e-01,6.628678e+01,8.789033e+00,-2.601132e+02
1.189698e-02,-4.199260e-02,-1.708409e-01,1.966471e+01,-6.941026e+01,-2.823857e+02
-1.894272e-03,-4.967180e-02,-1.607823e-01,-3.132255e+00,-8.213431e+01,-2.658600e+02
-1.347216e-04,-3.133515e-04,-9.874879e-02,-2.234961e-01,-5.198337e-01,-1.638191e+02
-5.054273e-03,-4.844802e-03,-1.387980e-01,-8.368950e+00,-8.022104e+00,-2.298241e+02
-3.301911e-02,1.391912e-02,-1.444696e-01,-5.464827e+01,2.303683e+01,-2.391044e+02
1.338220e-02,-2.384557e-02,-1.084655e-01,2.218670e+01,-3.953420e+01,-1.798279e+02
-7.887584e-03,-6.700087e-03,-1.012552e-01,-1.308322e+01,-1.111351e+01,-1.679531e+02
-7.398807e-03,1.742934e-02,-5.919024e-02,-1.229536e+01,2.896413e+01,-9.836255e+01
3.366960e-02,-4.970701e-02,-1.291959e-01,5.574156e+01,-8.229222e+01,-2.138897e+02
-2.440689e-02,4.766744e-02,-1.407490e-01,-4.039131e+01,7.888552e+01,-2.329275e+02
1.735040e-02,-5.014480e-02,-1.435836e-01,2.871007e+01,-8.297567e+01,-2.375909e+02
-2.776509e-02,2.753167e-02,-1.225890e-01,-4.599614e+01,4.560945e+01,-2.030831e+02
-3.351081e-02,3.058167e-02,-8.717470e-02,-5.559391e+01,5.073453e+01,-1.446215e+02
-1.808282e-02,2.454925e-03,-5.799766e-02,-3.005200e+01,4.079860e+00,-9.638679e+01
2.177168e-02,-8.170766e-03,-1.326890e-01,3.605712e+01,-1.353200e+01,-2.197527e+02
-2.278845e-02,1.357311e-02,-6.232601e-02,-3.785998e+01,2.254991e+01,-1.035464e+02
-8.139887e-03,-6.650985e-03,-1.660731e-01,-1.346082e+01,-1.099864e+01,-2.746329e+02
2.710999e-03,8.404981e-03,-1.201563e-01,4.492818e+00,1.392920e+01,-1.991296e+02
6.550388e-02,1.298521e-02,-1.428149e-01,1.083674e+02,2.148228e+01,-2.362680e+02
-6.588345e-03,-4.248147e-02,-1.324861e-01,-1.090893e+01,-7.034050e+01,-2.193695e+02
-2.893239e-02,2.058613e-02,-1.741612e-01,-4.781965e+01,3.402489e+01,-2.878548e+02
7.451478e-02,-4.094602e-03,-1.352516e-01,1.232931e+02,-6.774980e+00,-2.237889e+02
1.002133e-02,-6.563853e-03,-7.948300e-02,1.663921e+01,-1.089849e+01,-1.319720e+02
-1.924070e-02,1.221632e-03,-1.243226e-01,-3.187877e+01,2.024050e+00,-2.059827e+02
1.283980e-02,-2.673639e-02,-5.647444e-02,2.133558e+01,-4.442720e+01,-9.384216e+01
-7.356201e-02,-4.649070e-02,-1.525900e-01,-1.215957e+02,-7.684766e+01,-2.522264e+02
-1.172751e-02,-4.618733e-02,-9.505367e-02,-1.944839e+01,-7.659509e+01,-1.576329e+02
2.176148e-02,-2.973704e-02,-1.745913e-01,3.596636e+01,-4.914798e+01,-2.885564e+02
-3.784721e-03,-8.881453e-03,-8.309995e-02,-6.283106e+00,-1.474431e+01,-1.379562e+02
-8.588160e-03,3.827398e-02,-7.806556e-02,-1.425493e+01,6.352850e+01,-1.295759e+02
-3.756778e-02,-6.758531e-02,-1.551628e-01,-6.210505e+01,-1.117284e+02,-2.565069e+02
-2.407996e-02,-2.636461e-02,-9.605929e-02,-3.994038e+01,-4.372984e+01,-1.593294e+02
3.807646e-02,-2.159011e-02,-9.151298e-02,6.315886e+01,-3.581233e+01,-1.517960e+02
4.552675e-03,1.857111e-02,-8.842379e-02,7.555588e+00,3.082049e+01,-1.467475e+02
2.238184e-02,2.549492e-02,-1.446723e-01,3.704349e+01,4.219585e+01,-2.394427e+02
1.944442e-02,1.949334e-02,-1.244150e-01,3.221387e+01,3.229490e+01,-2.061202e+02
3.213747e-02,2.575564e-03,-7.175583e-02,5.336471e+01,4.276760e+00,-1.191515e+02
-5.635712e-02,3.577009e-02,-1.486509e-01,-9.321211e+01,5.916210e+01,-2.458619e+02
-3.098777e-04,-3.336659e-04,-1.452739e-01,-5.129489e-01,-5.523262e-01,-2.404759e+02
-1.326701e-02,-1.689048e-03,-1.071980e-01,-2.199969e+01,-2.800822e+00,-1.777584e+02
-1.177762e-02,8.208402e-03,-1.411152e-01,-1.949896e+01,1.358978e+01,-2.336294e+02
2.536519e-02,1.453448e-02,-9.835696e-02,4.207190e+01,2.410757e+01,-1.631395e+02
7.401461e-02,-3.209021e-02,-1.580832e-01,1.223334e+02,-5.303957e+01,-2.612842e+02
-7.563062e-03,1.165358e-02,-1.672092e-01,-1.250612e+01,1.927012e+01,-2.764936e+02
6.672765e-03,-3.323948e-02,-6.607929e-02,1.108251e+01,-5.520601e+01,-1.097482e+02
7.188846e-03,2.098877e-02,-8.761801e-02,1.193061e+01,3.483296e+01,-1.454108e+02
3.417289e-02,8.535181e-04,-9.956437e-02,5.667367e+01,1.415508e+00,-1.651215e+02
1.018178e-02,-2.569584e-02,-1.031420e-01,1.688466e+01,-4.261198e+01,-1.710427e+02
7.166011e-03,-1.627006e-02,-1.543545e-01,1.185647e+01,-2.691950e+01,-2.553861e+02
3.384701e-02,1.172643e-02,-1.057324e-01,5.611644e+01,1.944177e+01,-1.752983e+02
5.863102e-04,2.833034e-02,-1.708866e-01,9.692632e-01,4.683451e+01,-2.825026e+02
1.061441e-02,-3.375797e-02,-9.622066e-02,1.760563e+01,-5.599279e+01,-1.595968e+02
-1.191213e-02,-3.641078e-02,-1.056263e-01,-1.974897e+01,-6.036498e+01,-1.751165e+02
1.943634e-02,-2.410625e-02,-9.993788e-02,3.223497e+01,-3.997998e+01,-1.657460e+02
4.326737e-03,-5.147228e-02,-1.356366e-01,7.162211e+00,-8.520401e+01,-2.245243e+02
4.653006e-03,5.678415e-02,-1.047570e-01,7.711665e+00,9.411127e+01,-1.736191e+02
1.678186e-02,-1.818454e-02,-1.404921e-01,2.778288e+01,-3.010507e+01,-2.325891e+02
-3.608953e-02,3.908280e-02,-1.328717e-01,-5.974601e+01,6.470134e+01,-2.199684e+02
-2.823986e-02,-1.734814e-02,-1.159694e-01,-4.680037e+01,-2.875012e+01,-1.921897e+02
1.146254e-02,4.649820e-02,-8.637556e-02,1.901574e+01,7.713803e+01,-1.432924e+02
-4.816957e-02,-7.744065e-03,-9.305833e-02,-7.988706e+01,-1.284318e+01,-1.543331e+02
6.263033e-03,1.865233e-02,-1.328955e-01,1.037269e+01,3.089156e+01,-2.200984e+02
2.656280e-02,-3.092249e-02,-1.026413e-01,4.404210e+01,-5.127064e+01,-1.701831e+02
-3.542329e-03,1.485377e-03,-7.461627e-02,-5.883178e+00,2.466947e+00,-1.239243e+02
4.947055e-02,5.385106e-02,-1.605960e-01,8.177018e+01,8.901076e+01,-2.654502e+02
2.115901e-02,1.217412e-02,-1.464743e-01,3.501979e+01,2.014911e+01,-2.424263e+02
-9.764441e-04,5.686895e-04,-1.764965e-01,-1.613968e+00,9.399887e-01,-2.917317e+02
3.645862e-02,4.602474e-02,-1.498940e-01,6.030647e+01,7.612986e+01,-2.479407e+02
-4.570454e-03,-8.973105e-03,-8.551125e-02,-7.586650e+00,-1.489476e+01,-1.419430e+02
-2.784162e-02,-3.447709e-02,-1.493879e-01,-4.606419e+01,-5.704262e+01,-2.471635e+02
-2.678376e-02,-1.141327e-02,-5.493737e-02,-4.450928e+01,-1.896659e+01,-9.129498e+01
2.013034e-02,-2.968701e-02,-1.193944e-01,3.335455e+01,-4.918928e+01,-1.978281e+02
-6.656908e-02,-2.973919e-02,-1.289950e-01,-1.101786e+02,-4.922139e+01,-2.134999e+02
-3.769447e-03,-6.382749e-03,-1.317361e-01,-6.243574e+00,-1.057215e+01,-2.182029e+02
-3.045776e-03,3.625036e-04,-6.491438e-02,-5.060804e+00,6.023293e-01,-1.078605e+02
9.863997e-03,-3.276269e-02,-7.307403e-02,1.637775e+01,-5.439773e+01,-1.213289e+02
1.360169e-02,-3.514455e-02,-8.236746e-02,2.257315e+01,-5.832534e+01,-1.366958e+02
-4.773727e-02,-6.580677e-03,-1.314092e-01,-7.904049e+01,-1.089589e+01,-2.175795e+02
-1.916462e-03,-7.061274e-02,-1.401349e-01,-3.170637e+00,-1.168232e+02,-2.318422e+02
-1.220666e-02,4.064148e-02,-1.105752e-01,-2.023149e+01,6.735977e+01,-1.832689e+02
3.992416e-03,2.761862e-02,-7.053705e-02,6.630337e+00,4.586714e+01,-1.171432e+02
4.245178e-03,-1.925917e-02,-1.414866e-01,7.027958e+00,-3.188385e+01,-2.342332e+02
5.554376e-05,-5.163093e-04,-1.244671e-01,9.203296e-02,-8.554961e-01,-2.062351e+02
1.625396e-02,-1.637504e-02,-6.923107e-02,2.699715e+01,-2.719825e+01,-1.149899e+02
5.002495e-02,-1.131888e-02,-1.430249e-01,8.278174e+01,-1.873059e+01,-2.366789e+02
1.200634e-02,-3.622962e-02,-8.193552e-02,1.992571e+01,-6.012666e+01,-1.359801e+02
-2.281701e-03,-2.154368e-03,-6.607949e-02,-3.791024e+00,-3.579462e+00,-1.097904e+02
-1.637805e-02,6.105521e-02,-1.493377e-01,-2.708955e+01,1.009863e+02,-2.470069e+02
1.286285e-02,2.893857e-02,-1.006375e-01,2.133202e+01,4.799234e+01,-1.668994e+02
2.188051e-03,-1.971728e-03,-7.518599e-02,3.633873e+00,-3.274608e+00,-1.248674e+02
-9.648050e-03,-7.268285e-03,-1.098435e-01,-1.599677e+01,-1.205105e+01,-1.821239e+02
4.225839e-02,-4.658057e-02,-1.222132e-01,6.997717e+01,-7.713443e+01,-2.023772e+02
1.853961e-02,-1.848588e-02,-1.087867e-01,3.073726e+01,-3.064818e+01,-1.803600e+02
-2.433756e-02,1.590580e-03,-8.058715e-02,-4.040234e+01,2.640494e+00,-1.337813e+02
7.305714e-03,9.694330e-03,-6.816243e-02,1.213662e+01,1.610470e+01,-1.132348e+02
1.970495e-02,-2.516292e-03,-6.190265e-02,3.274134e+01,-4.181019e+00,-1.028562e+02
4.801792e-02,2.274875e-02,-1.510336e-01,7.943005e+01,3.763041e+01,-2.498360e+02
1.543094e-02,-2.602870e-02,-1.111004e-01,2.557941e+01,-4.314700e+01,-1.841679e+02
-5.850514e-02,3.340653e-02,-1.337032e-01,-9.682496e+01,5.528720e+01,-2.212764e+02
-1.854560e-03,9.088849e-05,-1.713883e-01,-3.066142e+00,1.502658e-01,-2.833562e+02
-1.097589e-02,-3.481362e-02,-1.533211e-01,-1.815818e+01,-5.759459e+01,-2.536498e+02
-4.444481e-03,-3.634457e-03,-1.103877e-01,-7.369080e+00,-6.026037e+00,-1.830261e+02
2.442243e-02,9.696493e-03,-9.104602e-02,4.052311e+01,1.608899e+01,-1.510689e+02
-2.185407e-02,-2.089456e-02,-7.397206e-02,-3.628686e+01,-3.469367e+01,-1.228244e+02
5.548052e-02,-1.498200e-02,-1.255362e-01,9.186950e+01,-2.480851e+01,-2.078739e+02
-6.444964e-02,-2.142645e-02,-1.398699e-01,-1.066341e+02,-3.545078e+01,-2.314195e+02
1.807397e-02,5.241243e-02,-1.427059e-01,2.990735e+01,8.672788e+01,-2.361383e+02
-4.062536e-03,-1.398177e-02,-1.607644e-01,-6.719732e+00,-2.312687e+01,-2.659161e+02
-5.453739e-02,-3.778056e-02,-1.254621e-01,-9.029142e+01,-6.254903e+01,-2.077135e+02
-2.368818e-02,-2.144947e-02,-6.532230e-02,-3.934555e+01,-3.562710e+01,-1.084989e+02
4.286666e-02,1.807350e-02,-1.226956e-01,7.100519e+01,2.993731e+01,-2.032354e+02
3.084903e-03,5.051679e-03,-9.558479e-02,5.118410e+00,8.381644e+00,-1.585924e+02
-1.122686e-02,-3.409419e-02,-1.640744e-01,-1.856435e+01,-5.637700e+01,-2.713079e+02
-4.870949e-02,1.913185e-02,-1.670521e-01,-8.051752e+01,3.162524e+01,-2.761396e+02
-1.051139e-03,1.615022e-02,-1.292696e-01,-1.741204e+00,2.675273e+01,-2.141341e+02
2.018672e-03,1.985612e-03,-1.252699e-01,3.344698e+00,3.289921e+00,-2.075572e+02
1.479203e-02,-2.635835e-02,-6.527255e-02,2.457014e+01,-4.378225e+01,-1.084203e+02
3.341909e-02,8.172255e-04,-8.935429e-02,5.544924e+01,1.355947e+00,-1.482574e+02
1.070953e-02,-4.803289e-03,-5.910728e-02,1.779870e+01,-7.982828e+00,-9.823337e+01
1.049323e-02,-3.106510e-02,-1.270243e-01,1.738123e+01,-5.145692e+01,-2.104058e+02
-3.710349e-03,1.399791e-04,-8.562922e-02,-6.159047e+00,2.323602e-01,-1.421414e+02
-1.420882e-02,-1.207639e-02,-9.138282e-02,-2.357776e+01,-2.003925e+01,-1.516384e+02
1.714950e-02,2.546535e-03,-1.112641e-01,2.843161e+01,4.221820e+00,-1.844612e+02
-8.506187e-03,-6.450760e-03,-7.610751e-02,-1.412584e+01,-1.071249e+01,-1.263883e+02
3.041899e-02,-4.718293e-02,-1.163586e-01,5.039142e+01,-7.816218e+01,-1.927570e+02
2.540276e-02,-2.259452e-02,-1.563574e-01,4.202081e+01,-3.737546e+01,-2.586437e+02
-1.075365e-02,-4.483849e-02,-1.684226e-01,-1.777632e+01,-7.412022e+01,-2.784109e+02
-5.055016e-02,3.857251e-02,-1.410276e-01,-8.364005e+01,6.382189e+01,-2.333435e+02
8.284588e-03,-6.350407e-02,-1.413263e-01,1.370734e+01,-1.050712e+02,-2.338327e+02
-6.179120e-04,3.155412e-02,-1.437990e-01,-1.022753e+00,5.222762e+01,-2.380126e+02
-2.058677e-02,3.437595e-02,-1.170784e-01,-3.411231e+01,5.696100e+01,-1.939990e+02
-5.406316e-03,-2.865837e-02,-5.647375e-02,-8.983637e+00,-4.762142e+01,-9.384203e+01
2.499068e-02,2.449643e-03,-1.339910e-01,4.138515e+01,4.056665e+00,-2.218921e+02
-7.077960e-03,3.505422e-02,-1.344271e-01,-1.171974e+01,5.804301e+01,-2.225853e+02
2.445023e-03,2.964159e-03,-9.193068e-02,4.057449e+00,4.918941e+00,-1.525565e+02
-3.237161e-02,-1.032280e-02,-6.471852e-02,-5.376758e+01,-1.714564e+01,-1.074941e+02
7.448213e-02,2.921731e-02,-1.589621e-01,1.231033e+02,4.829008e+01,-2.627309e+02
3.444462e-02,-3.739018e-02,-1.347126e-01,5.702057e+01,-6.189674e+01,-2.230070e+02
-7.723231e-03,-1.670276e-02,-6.989142e-02,-1.282838e+01,-2.774350e+01,-1.160905e+02
1.615379e-02,1.078493e-02,-1.625700e-01,2.671666e+01,1.783714e+01,-2.688735e+02
-4.857398e-03,-2.885650e-02,-6.916999e-02,-8.067125e+00,-4.792463e+01,-1.148769e+02
-3.103281e-02,-3.470197e-02,-1.052108e-01,-5.144241e+01,-5.752470e+01,-1.744056e+02
1.858111e-02,-1.440517e-03,-7.964835e-02,3.084964e+01,-2.391647e+00,-1.322377e+02
-4.609975e-03,4.572672e-04,-8.352294e-02,-7.653134e+00,7.591206e-01,-1.386585e+02
-2.107787e-02,-8.971446e-03,-1.148758e-01,-3.493690e+01,-1.487031e+01,-1.904083e+02
-3.364548e-02,2.675409e-03,-1.294387e-01,-5.572438e+01,4.431070e+00,-2.143791e+02
-1.444027e-02,1.391842e-02,-7.765806e-02,-2.397653e+01,2.311005e+01,-1.289429e+02
7.942158e-03,3.562513e-03,-8.685435e-02,1.318272e+01,5.913205e+00,-1.441644e+02
-1.027946e-02,-3.980657e-03,-7.077136e-02,-1.707484e+01,-6.612123e+00,-1.175557e+02
3.034051e-03,-1.321923e-02,-1.518883e-01,5.020646e+00,-2.187474e+01,-2.513396e+02
-2.417660e-02,-7.900673e-03,-1.615794e-01,-3.998584e+01,-1.306697e+01,-2.672372e+02
-2.881020e-02,4.188925e-02,-1.205608e-01,-4.772264e+01,6.938741e+01,-1.997028e+02
9.030137e-03,-4.054804e-02,-7.684787e-02,1.498854e+01,-6.730309e+01,-1.275548e+02
5.083861e-03,-4.168374e-03,-8.563959e-02,8.438956e+00,-6.919293e+00,-1.421574e+02
-4.824399e-03,4.604059e-02,-1.356988e-01,-7.986671e+00,7.621903e+01,-2.246459e+02
2.831647e-04,-1.194296e-02,-9.085836e-02,4.699122e-01,-1.981936e+01,-1.507796e+02
2.772916e-03,3.253239e-02,-1.458531e-01,4.589181e+00,5.384117e+01,-2.413872e+02
-2.267920e-02,1.115702e-02,-7.125341e-02,-3.766455e+01,1.852905e+01,-1.183343e+02
7.165123e-03,1.173025e-02,-1.246637e-01,1.187168e+01,1.943551e+01,-2.065517e+02
